id,member_id,date,activity,status,remark
1,2,2025-12-11,ประชุมสภานักเรียน,present,
2,3,2025-12-11,ประชุมสภานักเรียน,present,
3,4,2025-12-11,ประชุมสภานักเรียน,present,
4,5,2025-12-11,ประชุมสภานักเรียน,present,
5,6,2025-12-11,ประชุมสภานักเรียน,present,
6,8,2025-12-11,ประชุมสภานักเรียน,present,
7,9,2025-12-11,ประชุมสภานักเรียน,present,
8,10,2025-12-11,ประชุมสภานักเรียน,present,
9,11,2025-12-11,ประชุมสภานักเรียน,present,
10,12,2025-12-11,ประชุมสภานักเรียน,present,
11,13,2025-12-11,ประชุมสภานักเรียน,present,
12,14,2025-12-11,ประชุมสภานักเรียน,present,
13,15,2025-12-11,ประชุมสภานักเรียน,present,
14,16,2025-12-11,ประชุมสภานักเรียน,present,
15,17,2025-12-11,ประชุมสภานักเรียน,present,
16,18,2025-12-11,ประชุมสภานักเรียน,present,
17,19,2025-12-11,ประชุมสภานักเรียน,present,
18,21,2025-12-11,ประชุมสภานักเรียน,present,
19,22,2025-12-11,ประชุมสภานักเรียน,present,
20,25,2025-12-11,ประชุมสภานักเรียน,present,
21,26,2025-12-11,ประชุมสภานักเรียน,present,
22,27,2025-12-11,ประชุมสภานักเรียน,present,
23,28,2025-12-11,ประชุมสภานักเรียน,present,
24,30,2025-12-11,ประชุมสภานักเรียน,present,
25,31,2025-12-11,ประชุมสภานักเรียน,present,
26,33,2025-12-11,ประชุมสภานักเรียน,present,
27,34,2025-12-11,ประชุมสภานักเรียน,present,
28,35,2025-12-11,ประชุมสภานักเรียน,present,
29,36,2025-12-11,ประชุมสภานักเรียน,present,
30,37,2025-12-11,ประชุมสภานักเรียน,present,
31,38,2025-12-11,ประชุมสภานักเรียน,present,
32,39,2025-12-11,ประชุมสภานักเรียน,present,
33,43,2025-12-11,ประชุมสภานักเรียน,present,
34,44,2025-12-11,ประชุมสภานักเรียน,present,
35,46,2025-12-11,ประชุมสภานักเรียน,present,
36,47,2025-12-11,ประชุมสภานักเรียน,present,
37,48,2025-12-11,ประชุมสภานักเรียน,present,
38,49,2025-12-11,ประชุมสภานักเรียน,present,
39,51,2025-12-11,ประชุมสภานักเรียน,present,
40,54,2025-12-11,ประชุมสภานักเรียน,present,
41,55,2025-12-11,ประชุมสภานักเรียน,present,
42,56,2025-12-11,ประชุมสภานักเรียน,present,
43,57,2025-12-11,ประชุมสภานักเรียน,present,
44,58,2025-12-11,ประชุมสภานักเรียน,present,
45,59,2025-12-11,ประชุมสภานักเรียน,present,
46,61,2025-12-11,ประชุมสภานักเรียน,present,
47,63,2025-12-11,ประชุมสภานักเรียน,present,
48,65,2025-12-11,ประชุมสภานักเรียน,present,
49,86,2025-12-11,ประชุมสภานักเรียน,present,
50,110,2025-12-11,ประชุมสภานักเรียน,present,
51,111,2025-12-11,ประชุมสภานักเรียน,present,
52,112,2025-12-11,ประชุมสภานักเรียน,present,
53,113,2025-12-11,ประชุมสภานักเรียน,present,
54,114,2025-12-11,ประชุมสภานักเรียน,present,
55,115,2025-12-11,ประชุมสภานักเรียน,present,
56,116,2025-12-11,ประชุมสภานักเรียน,present,
57,117,2025-12-11,ประชุมสภานักเรียน,present,
58,118,2025-12-11,ประชุมสภานักเรียน,present,
59,119,2025-12-11,ประชุมสภานักเรียน,present,
60,124,2025-12-11,ประชุมสภานักเรียน,present,
61,125,2025-12-11,ประชุมสภานักเรียน,present,
62,2,2025-12-03,กิจกรรมแถว,present,
63,3,2025-12-03,กิจกรรมแถว,present,
64,4,2025-12-03,กิจกรรมแถว,present,
65,5,2025-12-03,กิจกรรมแถว,present,
66,6,2025-12-03,กิจกรรมแถว,present,
67,8,2025-12-03,กิจกรรมแถว,present,
68,9,2025-12-03,กิจกรรมแถว,present,
69,10,2025-12-03,กิจกรรมแถว,present,
70,11,2025-12-03,กิจกรรมแถว,present,
71,12,2025-12-03,กิจกรรมแถว,present,
72,13,2025-12-03,กิจกรรมแถว,present,
73,14,2025-12-03,กิจกรรมแถว,present,
74,15,2025-12-03,กิจกรรมแถว,present,
75,16,2025-12-03,กิจกรรมแถว,present,
76,17,2025-12-03,กิจกรรมแถว,present,
77,18,2025-12-03,กิจกรรมแถว,present,
78,19,2025-12-03,กิจกรรมแถว,present,
79,21,2025-12-03,กิจกรรมแถว,present,
80,22,2025-12-03,กิจกรรมแถว,present,
81,25,2025-12-03,กิจกรรมแถว,present,
82,26,2025-12-03,กิจกรรมแถว,present,
83,27,2025-12-03,กิจกรรมแถว,present,
84,28,2025-12-03,กิจกรรมแถว,present,
85,30,2025-12-03,กิจกรรมแถว,present,
86,31,2025-12-03,กิจกรรมแถว,present,
87,33,2025-12-03,กิจกรรมแถว,present,
88,34,2025-12-03,กิจกรรมแถว,present,
89,35,2025-12-03,กิจกรรมแถว,present,
90,36,2025-12-03,กิจกรรมแถว,present,
91,37,2025-12-03,กิจกรรมแถว,present,
92,38,2025-12-03,กิจกรรมแถว,present,
93,39,2025-12-03,กิจกรรมแถว,present,
94,43,2025-12-03,กิจกรรมแถว,absent,
95,44,2025-12-03,กิจกรรมแถว,present,
96,46,2025-12-03,กิจกรรมแถว,present,
97,47,2025-12-03,กิจกรรมแถว,present,
98,48,2025-12-03,กิจกรรมแถว,present,
99,49,2025-12-03,กิจกรรมแถว,present,
100,51,2025-12-03,กิจกรรมแถว,present,
101,54,2025-12-03,กิจกรรมแถว,present,
102,55,2025-12-03,กิจกรรมแถว,present,
103,56,2025-12-03,กิจกรรมแถว,present,
104,57,2025-12-03,กิจกรรมแถว,present,
105,58,2025-12-03,กิจกรรมแถว,present,
106,59,2025-12-03,กิจกรรมแถว,present,
107,61,2025-12-03,กิจกรรมแถว,absent,ลาป่วย
108,63,2025-12-03,กิจกรรมแถว,present,
109,65,2025-12-03,กิจกรรมแถว,present,
110,86,2025-12-03,กิจกรรมแถว,absent,
111,110,2025-12-03,กิจกรรมแถว,present,
112,111,2025-12-03,กิจกรรมแถว,present,
113,112,2025-12-03,กิจกรรมแถว,present,
114,113,2025-12-03,กิจกรรมแถว,present,
115,114,2025-12-03,กิจกรรมแถว,present,
116,115,2025-12-03,กิจกรรมแถว,absent,
117,116,2025-12-03,กิจกรรมแถว,present,
118,117,2025-12-03,กิจกรรมแถว,present,
119,118,2025-12-03,กิจกรรมแถว,present,
120,119,2025-12-03,กิจกรรมแถว,present,
121,124,2025-12-03,กิจกรรมแถว,present,
122,125,2025-12-03,กิจกรรมแถว,present,
123,2,2025-12-21,กิจกรรมแถว,present,
124,3,2025-12-21,กิจกรรมแถว,present,
125,4,2025-12-21,กิจกรรมแถว,present,
126,5,2025-12-21,กิจกรรมแถว,present,
127,6,2025-12-21,กิจกรรมแถว,present,
128,8,2025-12-21,กิจกรรมแถว,present,
129,9,2025-12-21,กิจกรรมแถว,present,
130,10,2025-12-21,กิจกรรมแถว,present,
131,11,2025-12-21,กิจกรรมแถว,present,
132,12,2025-12-21,กิจกรรมแถว,present,
133,13,2025-12-21,กิจกรรมแถว,present,
134,14,2025-12-21,กิจกรรมแถว,present,
135,15,2025-12-21,กิจกรรมแถว,present,
136,16,2025-12-21,กิจกรรมแถว,present,
137,17,2025-12-21,กิจกรรมแถว,present,
138,18,2025-12-21,กิจกรรมแถว,present,
139,19,2025-12-21,กิจกรรมแถว,present,
140,21,2025-12-21,กิจกรรมแถว,present,
141,22,2025-12-21,กิจกรรมแถว,absent,
142,25,2025-12-21,กิจกรรมแถว,present,
143,26,2025-12-21,กิจกรรมแถว,absent,
144,27,2025-12-21,กิจกรรมแถว,present,
145,28,2025-12-21,กิจกรรมแถว,present,
146,30,2025-12-21,กิจกรรมแถว,present,
147,31,2025-12-21,กิจกรรมแถว,present,
148,33,2025-12-21,กิจกรรมแถว,present,
149,34,2025-12-21,กิจกรรมแถว,present,
150,35,2025-12-21,กิจกรรมแถว,present,
151,36,2025-12-21,กิจกรรมแถว,present,
152,37,2025-12-21,กิจกรรมแถว,present,
153,38,2025-12-21,กิจกรรมแถว,present,
154,39,2025-12-21,กิจกรรมแถว,present,
155,43,2025-12-21,กิจกรรมแถว,present,
156,44,2025-12-21,กิจกรรมแถว,present,
157,46,2025-12-21,กิจกรรมแถว,present,
158,47,2025-12-21,กิจกรรมแถว,present,
159,48,2025-12-21,กิจกรรมแถว,present,
160,49,2025-12-21,กิจกรรมแถว,present,
161,51,2025-12-21,กิจกรรมแถว,absent,
162,54,2025-12-21,กิจกรรมแถว,absent,
163,55,2025-12-21,กิจกรรมแถว,absent,
164,56,2025-12-21,กิจกรรมแถว,absent,
165,57,2025-12-21,กิจกรรมแถว,absent,
166,58,2025-12-21,กิจกรรมแถว,present,
167,59,2025-12-21,กิจกรรมแถว,present,
168,61,2025-12-21,กิจกรรมแถว,present,
169,63,2025-12-21,กิจกรรมแถว,present,
170,65,2025-12-21,กิจกรรมแถว,present,
171,86,2025-12-21,กิจกรรมแถว,present,
172,110,2025-12-21,กิจกรรมแถว,present,
173,111,2025-12-21,กิจกรรมแถว,present,
174,112,2025-12-21,กิจกรรมแถว,present,
175,113,2025-12-21,กิจกรรมแถว,absent,
176,114,2025-12-21,กิจกรรมแถว,present,
177,115,2025-12-21,กิจกรรมแถว,absent,
178,116,2025-12-21,กิจกรรมแถว,present,
179,117,2025-12-21,กิจกรรมแถว,absent,
180,118,2025-12-21,กิจกรรมแถว,present,
181,119,2025-12-21,กิจกรรมแถว,present,
182,124,2025-12-21,กิจกรรมแถว,present,
183,125,2025-12-21,กิจกรรมแถว,absent,
184,2,2025-12-22,กิจกรรมแถว,present,
185,3,2025-12-22,กิจกรรมแถว,present,
186,4,2025-12-22,กิจกรรมแถว,present,
187,5,2025-12-22,กิจกรรมแถว,present,
188,6,2025-12-22,กิจกรรมแถว,present,
189,8,2025-12-22,กิจกรรมแถว,present,
190,9,2025-12-22,กิจกรรมแถว,present,
191,10,2025-12-22,กิจกรรมแถว,present,
192,11,2025-12-22,กิจกรรมแถว,present,
193,12,2025-12-22,กิจกรรมแถว,present,
194,13,2025-12-22,กิจกรรมแถว,present,
195,14,2025-12-22,กิจกรรมแถว,present,
196,15,2025-12-22,กิจกรรมแถว,present,
197,16,2025-12-22,กิจกรรมแถว,present,
198,17,2025-12-22,กิจกรรมแถว,present,
199,18,2025-12-22,กิจกรรมแถว,present,
200,19,2025-12-22,กิจกรรมแถว,present,
201,21,2025-12-22,กิจกรรมแถว,present,
202,22,2025-12-22,กิจกรรมแถว,present,
203,25,2025-12-22,กิจกรรมแถว,present,
204,26,2025-12-22,กิจกรรมแถว,present,
205,27,2025-12-22,กิจกรรมแถว,present,
206,28,2025-12-22,กิจกรรมแถว,present,
207,30,2025-12-22,กิจกรรมแถว,present,
208,31,2025-12-22,กิจกรรมแถว,present,
209,33,2025-12-22,กิจกรรมแถว,present,
210,34,2025-12-22,กิจกรรมแถว,present,
211,35,2025-12-22,กิจกรรมแถว,present,
212,36,2025-12-22,กิจกรรมแถว,present,
213,37,2025-12-22,กิจกรรมแถว,present,
214,38,2025-12-22,กิจกรรมแถว,present,
215,39,2025-12-22,กิจกรรมแถว,present,
216,43,2025-12-22,กิจกรรมแถว,present,
217,44,2025-12-22,กิจกรรมแถว,present,
218,46,2025-12-22,กิจกรรมแถว,present,
219,47,2025-12-22,กิจกรรมแถว,present,
220,48,2025-12-22,กิจกรรมแถว,present,
221,49,2025-12-22,กิจกรรมแถว,present,
222,51,2025-12-22,กิจกรรมแถว,present,
223,54,2025-12-22,กิจกรรมแถว,present,
224,55,2025-12-22,กิจกรรมแถว,present,
225,56,2025-12-22,กิจกรรมแถว,present,
226,57,2025-12-22,กิจกรรมแถว,absent,
227,58,2025-12-22,กิจกรรมแถว,present,
228,59,2025-12-22,กิจกรรมแถว,present,
229,61,2025-12-22,กิจกรรมแถว,present,
230,63,2025-12-22,กิจกรรมแถว,present,
231,65,2025-12-22,กิจกรรมแถว,present,
232,86,2025-12-22,กิจกรรมแถว,absent,
233,110,2025-12-22,กิจกรรมแถว,present,
234,111,2025-12-22,กิจกรรมแถว,present,
235,112,2025-12-22,กิจกรรมแถว,present,
236,113,2025-12-22,กิจกรรมแถว,present,
237,114,2025-12-22,กิจกรรมแถว,present,
238,115,2025-12-22,กิจกรรมแถว,absent,
239,116,2025-12-22,กิจกรรมแถว,present,
240,117,2025-12-22,กิจกรรมแถว,absent,
241,118,2025-12-22,กิจกรรมแถว,present,
242,119,2025-12-22,กิจกรรมแถว,present,
243,124,2025-12-22,กิจกรรมแถว,present,
244,125,2025-12-22,กิจกรรมแถว,absent,
245,44,2025-12-22,ประชุมสภานักเรียน,present,
246,57,2025-12-22,ประชุมสภานักเรียน,present,
247,59,2025-12-22,ประชุมสภานักเรียน,present,
248,63,2025-12-22,ประชุมสภานักเรียน,present,
249,120,2025-12-22,ประชุมสภานักเรียน,present,
250,121,2025-12-22,ประชุมสภานักเรียน,present,
251,123,2025-12-22,ประชุมสภานักเรียน,present,
252,124,2025-12-22,ประชุมสภานักเรียน,present,
253,125,2025-12-22,ประชุมสภานักเรียน,present,
254,2,2025-12-23,กิจกรรมแถว,present,
255,3,2025-12-23,กิจกรรมแถว,present,
256,4,2025-12-23,กิจกรรมแถว,present,
257,5,2025-12-23,กิจกรรมแถว,present,
258,6,2025-12-23,กิจกรรมแถว,present,
259,8,2025-12-23,กิจกรรมแถว,present,
260,9,2025-12-23,กิจกรรมแถว,present,
261,10,2025-12-23,กิจกรรมแถว,present,
262,11,2025-12-23,กิจกรรมแถว,present,
263,12,2025-12-23,กิจกรรมแถว,present,
264,13,2025-12-23,กิจกรรมแถว,present,
265,14,2025-12-23,กิจกรรมแถว,present,
266,15,2025-12-23,กิจกรรมแถว,present,
267,16,2025-12-23,กิจกรรมแถว,present,
268,17,2025-12-23,กิจกรรมแถว,present,
269,18,2025-12-23,กิจกรรมแถว,present,
270,19,2025-12-23,กิจกรรมแถว,present,
271,21,2025-12-23,กิจกรรมแถว,present,
272,22,2025-12-23,กิจกรรมแถว,present,
273,25,2025-12-23,กิจกรรมแถว,present,
274,26,2025-12-23,กิจกรรมแถว,present,
275,27,2025-12-23,กิจกรรมแถว,present,
276,28,2025-12-23,กิจกรรมแถว,present,
277,30,2025-12-23,กิจกรรมแถว,present,
278,31,2025-12-23,กิจกรรมแถว,present,
279,33,2025-12-23,กิจกรรมแถว,present,
280,34,2025-12-23,กิจกรรมแถว,present,
281,35,2025-12-23,กิจกรรมแถว,present,
282,36,2025-12-23,กิจกรรมแถว,present,
283,37,2025-12-23,กิจกรรมแถว,present,
284,38,2025-12-23,กิจกรรมแถว,present,
285,39,2025-12-23,กิจกรรมแถว,present,
286,43,2025-12-23,กิจกรรมแถว,present,
287,44,2025-12-23,กิจกรรมแถว,present,
288,46,2025-12-23,กิจกรรมแถว,present,
289,47,2025-12-23,กิจกรรมแถว,present,
290,48,2025-12-23,กิจกรรมแถว,present,
291,49,2025-12-23,กิจกรรมแถว,present,
292,51,2025-12-23,กิจกรรมแถว,present,
293,54,2025-12-23,กิจกรรมแถว,present,
294,55,2025-12-23,กิจกรรมแถว,present,
295,56,2025-12-23,กิจกรรมแถว,present,
296,57,2025-12-23,กิจกรรมแถว,present,
297,58,2025-12-23,กิจกรรมแถว,present,
298,59,2025-12-23,กิจกรรมแถว,present,
299,61,2025-12-23,กิจกรรมแถว,absent,
300,63,2025-12-23,กิจกรรมแถว,present,
301,65,2025-12-23,กิจกรรมแถว,present,
302,86,2025-12-23,กิจกรรมแถว,present,
303,110,2025-12-23,กิจกรรมแถว,present,
304,111,2025-12-23,กิจกรรมแถว,present,
305,112,2025-12-23,กิจกรรมแถว,present,
306,113,2025-12-23,กิจกรรมแถว,present,
307,114,2025-12-23,กิจกรรมแถว,present,
308,115,2025-12-23,กิจกรรมแถว,present,
309,116,2025-12-23,กิจกรรมแถว,present,
310,117,2025-12-23,กิจกรรมแถว,present,
311,118,2025-12-23,กิจกรรมแถว,present,
312,119,2025-12-23,กิจกรรมแถว,present,
313,124,2025-12-23,กิจกรรมแถว,present,
314,125,2025-12-23,กิจกรรมแถว,absent,
324,2,2025-12-24,กิจกรรมแถว,present,
325,3,2025-12-24,กิจกรรมแถว,present,
326,4,2025-12-24,กิจกรรมแถว,present,
327,5,2025-12-24,กิจกรรมแถว,present,
328,6,2025-12-24,กิจกรรมแถว,present,
329,8,2025-12-24,กิจกรรมแถว,present,
330,9,2025-12-24,กิจกรรมแถว,present,
331,10,2025-12-24,กิจกรรมแถว,present,
332,11,2025-12-24,กิจกรรมแถว,present,
333,12,2025-12-24,กิจกรรมแถว,present,
334,13,2025-12-24,กิจกรรมแถว,present,
335,14,2025-12-24,กิจกรรมแถว,present,
336,15,2025-12-24,กิจกรรมแถว,present,
337,16,2025-12-24,กิจกรรมแถว,present,
338,17,2025-12-24,กิจกรรมแถว,present,
339,18,2025-12-24,กิจกรรมแถว,present,
340,19,2025-12-24,กิจกรรมแถว,present,
341,21,2025-12-24,กิจกรรมแถว,present,
342,22,2025-12-24,กิจกรรมแถว,present,
343,25,2025-12-24,กิจกรรมแถว,present,
344,26,2025-12-24,กิจกรรมแถว,present,
345,27,2025-12-24,กิจกรรมแถว,present,
346,28,2025-12-24,กิจกรรมแถว,present,
347,30,2025-12-24,กิจกรรมแถว,present,
348,31,2025-12-24,กิจกรรมแถว,present,
349,33,2025-12-24,กิจกรรมแถว,present,
350,34,2025-12-24,กิจกรรมแถว,present,
351,35,2025-12-24,กิจกรรมแถว,present,
352,36,2025-12-24,กิจกรรมแถว,present,
353,37,2025-12-24,กิจกรรมแถว,present,
354,38,2025-12-24,กิจกรรมแถว,present,
355,39,2025-12-24,กิจกรรมแถว,present,
356,43,2025-12-24,กิจกรรมแถว,present,
357,44,2025-12-24,กิจกรรมแถว,present,
358,46,2025-12-24,กิจกรรมแถว,present,
359,47,2025-12-24,กิจกรรมแถว,present,
360,48,2025-12-24,กิจกรรมแถว,present,
361,49,2025-12-24,กิจกรรมแถว,present,
362,51,2025-12-24,กิจกรรมแถว,present,
363,54,2025-12-24,กิจกรรมแถว,present,
364,55,2025-12-24,กิจกรรมแถว,present,
365,56,2025-12-24,กิจกรรมแถว,present,
366,57,2025-12-24,กิจกรรมแถว,present,
367,58,2025-12-24,กิจกรรมแถว,present,
368,59,2025-12-24,กิจกรรมแถว,present,
369,61,2025-12-24,กิจกรรมแถว,present,
370,63,2025-12-24,กิจกรรมแถว,present,
371,65,2025-12-24,กิจกรรมแถว,present,
372,86,2025-12-24,กิจกรรมแถว,present,
373,110,2025-12-24,กิจกรรมแถว,present,
374,111,2025-12-24,กิจกรรมแถว,present,
375,112,2025-12-24,กิจกรรมแถว,present,
376,113,2025-12-24,กิจกรรมแถว,present,
377,114,2025-12-24,กิจกรรมแถว,present,
378,115,2025-12-24,กิจกรรมแถว,absent,
379,116,2025-12-24,กิจกรรมแถว,present,
380,117,2025-12-24,กิจกรรมแถว,absent,
381,118,2025-12-24,กิจกรรมแถว,present,
382,119,2025-12-24,กิจกรรมแถว,present,
383,124,2025-12-24,กิจกรรมแถว,present,
384,125,2025-12-24,กิจกรรมแถว,absent,
385,2,2025-12-25,กิจกรรมแถว,present,
386,3,2025-12-25,กิจกรรมแถว,present,
387,4,2025-12-25,กิจกรรมแถว,present,
388,5,2025-12-25,กิจกรรมแถว,present,
389,6,2025-12-25,กิจกรรมแถว,present,
390,8,2025-12-25,กิจกรรมแถว,present,
391,9,2025-12-25,กิจกรรมแถว,present,
392,10,2025-12-25,กิจกรรมแถว,present,
393,11,2025-12-25,กิจกรรมแถว,present,
394,12,2025-12-25,กิจกรรมแถว,present,
395,13,2025-12-25,กิจกรรมแถว,present,
396,14,2025-12-25,กิจกรรมแถว,present,
397,15,2025-12-25,กิจกรรมแถว,present,
398,16,2025-12-25,กิจกรรมแถว,present,
399,17,2025-12-25,กิจกรรมแถว,absent,
400,18,2025-12-25,กิจกรรมแถว,present,
401,19,2025-12-25,กิจกรรมแถว,present,
402,21,2025-12-25,กิจกรรมแถว,present,
403,22,2025-12-25,กิจกรรมแถว,absent,
404,25,2025-12-25,กิจกรรมแถว,present,
405,26,2025-12-25,กิจกรรมแถว,present,
406,27,2025-12-25,กิจกรรมแถว,present,
407,28,2025-12-25,กิจกรรมแถว,present,
408,30,2025-12-25,กิจกรรมแถว,present,
409,31,2025-12-25,กิจกรรมแถว,present,
410,33,2025-12-25,กิจกรรมแถว,present,
411,34,2025-12-25,กิจกรรมแถว,present,
412,35,2025-12-25,กิจกรรมแถว,present,
413,36,2025-12-25,กิจกรรมแถว,present,
414,37,2025-12-25,กิจกรรมแถว,present,
415,38,2025-12-25,กิจกรรมแถว,present,
416,39,2025-12-25,กิจกรรมแถว,present,
417,43,2025-12-25,กิจกรรมแถว,present,
418,44,2025-12-25,กิจกรรมแถว,present,
419,46,2025-12-25,กิจกรรมแถว,absent,
420,47,2025-12-25,กิจกรรมแถว,present,
421,48,2025-12-25,กิจกรรมแถว,present,
422,49,2025-12-25,กิจกรรมแถว,present,
423,51,2025-12-25,กิจกรรมแถว,present,
424,54,2025-12-25,กิจกรรมแถว,present,
425,55,2025-12-25,กิจกรรมแถว,present,
426,56,2025-12-25,กิจกรรมแถว,present,
427,57,2025-12-25,กิจกรรมแถว,present,
428,58,2025-12-25,กิจกรรมแถว,present,
429,59,2025-12-25,กิจกรรมแถว,present,
430,61,2025-12-25,กิจกรรมแถว,present,
431,63,2025-12-25,กิจกรรมแถว,present,
432,65,2025-12-25,กิจกรรมแถว,present,
433,86,2025-12-25,กิจกรรมแถว,present,
434,110,2025-12-25,กิจกรรมแถว,present,
435,111,2025-12-25,กิจกรรมแถว,present,
436,112,2025-12-25,กิจกรรมแถว,present,
437,113,2025-12-25,กิจกรรมแถว,present,
438,114,2025-12-25,กิจกรรมแถว,present,
439,115,2025-12-25,กิจกรรมแถว,absent,
440,116,2025-12-25,กิจกรรมแถว,present,
441,117,2025-12-25,กิจกรรมแถว,absent,
442,118,2025-12-25,กิจกรรมแถว,present,
443,119,2025-12-25,กิจกรรมแถว,present,
444,124,2025-12-25,กิจกรรมแถว,present,
445,125,2025-12-25,กิจกรรมแถว,absent,
446,44,2026-01-05,ประชุมสภานักเรียน,present,
447,121,2026-01-05,ประชุมสภานักเรียน,present,
448,2,2026-01-06,กิจกรรมแถว,present,
449,3,2026-01-06,กิจกรรมแถว,present,
450,4,2026-01-06,กิจกรรมแถว,present,
451,5,2026-01-06,กิจกรรมแถว,absent,
452,6,2026-01-06,กิจกรรมแถว,present,
453,8,2026-01-06,กิจกรรมแถว,present,
454,9,2026-01-06,กิจกรรมแถว,present,
455,10,2026-01-06,กิจกรรมแถว,present,
456,11,2026-01-06,กิจกรรมแถว,present,
457,12,2026-01-06,กิจกรรมแถว,present,
458,13,2026-01-06,กิจกรรมแถว,absent,
459,14,2026-01-06,กิจกรรมแถว,present,
460,15,2026-01-06,กิจกรรมแถว,present,
461,16,2026-01-06,กิจกรรมแถว,present,
462,17,2026-01-06,กิจกรรมแถว,absent,
463,18,2026-01-06,กิจกรรมแถว,present,
464,19,2026-01-06,กิจกรรมแถว,present,
465,21,2026-01-06,กิจกรรมแถว,present,
466,22,2026-01-06,กิจกรรมแถว,present,
467,25,2026-01-06,กิจกรรมแถว,present,
468,26,2026-01-06,กิจกรรมแถว,present,
469,27,2026-01-06,กิจกรรมแถว,present,
470,28,2026-01-06,กิจกรรมแถว,present,
471,30,2026-01-06,กิจกรรมแถว,absent,
472,31,2026-01-06,กิจกรรมแถว,present,
473,33,2026-01-06,กิจกรรมแถว,present,
474,34,2026-01-06,กิจกรรมแถว,present,
475,35,2026-01-06,กิจกรรมแถว,present,
476,36,2026-01-06,กิจกรรมแถว,present,
477,37,2026-01-06,กิจกรรมแถว,present,
478,38,2026-01-06,กิจกรรมแถว,present,
479,39,2026-01-06,กิจกรรมแถว,present,
480,43,2026-01-06,กิจกรรมแถว,present,
481,44,2026-01-06,กิจกรรมแถว,present,
482,46,2026-01-06,กิจกรรมแถว,present,
483,47,2026-01-06,กิจกรรมแถว,present,
484,48,2026-01-06,กิจกรรมแถว,present,
485,49,2026-01-06,กิจกรรมแถว,present,
486,51,2026-01-06,กิจกรรมแถว,present,
487,54,2026-01-06,กิจกรรมแถว,present,
488,55,2026-01-06,กิจกรรมแถว,present,
489,56,2026-01-06,กิจกรรมแถว,present,
490,57,2026-01-06,กิจกรรมแถว,present,
491,58,2026-01-06,กิจกรรมแถว,present,
492,59,2026-01-06,กิจกรรมแถว,present,
493,61,2026-01-06,กิจกรรมแถว,present,
494,63,2026-01-06,กิจกรรมแถว,present,
495,65,2026-01-06,กิจกรรมแถว,present,
496,86,2026-01-06,กิจกรรมแถว,present,
497,110,2026-01-06,กิจกรรมแถว,present,
498,111,2026-01-06,กิจกรรมแถว,present,
499,112,2026-01-06,กิจกรรมแถว,present,
500,113,2026-01-06,กิจกรรมแถว,present,
501,114,2026-01-06,กิจกรรมแถว,present,
502,115,2026-01-06,กิจกรรมแถว,absent,
503,116,2026-01-06,กิจกรรมแถว,present,
504,117,2026-01-06,กิจกรรมแถว,absent,
505,118,2026-01-06,กิจกรรมแถว,present,
506,119,2026-01-06,กิจกรรมแถว,present,
507,124,2026-01-06,กิจกรรมแถว,absent,
508,125,2026-01-06,กิจกรรมแถว,absent,
509,2,2026-01-07,กิจกรรมแถว,present,
510,3,2026-01-07,กิจกรรมแถว,absent,
511,4,2026-01-07,กิจกรรมแถว,present,
512,5,2026-01-07,กิจกรรมแถว,present,
513,6,2026-01-07,กิจกรรมแถว,present,
514,8,2026-01-07,กิจกรรมแถว,present,
515,9,2026-01-07,กิจกรรมแถว,present,
516,10,2026-01-07,กิจกรรมแถว,absent,
517,11,2026-01-07,กิจกรรมแถว,present,
518,12,2026-01-07,กิจกรรมแถว,present,
519,13,2026-01-07,กิจกรรมแถว,present,
520,14,2026-01-07,กิจกรรมแถว,present,
521,15,2026-01-07,กิจกรรมแถว,present,
522,16,2026-01-07,กิจกรรมแถว,present,
523,17,2026-01-07,กิจกรรมแถว,present,
524,18,2026-01-07,กิจกรรมแถว,present,
525,19,2026-01-07,กิจกรรมแถว,absent,
526,21,2026-01-07,กิจกรรมแถว,present,
527,22,2026-01-07,กิจกรรมแถว,present,
528,25,2026-01-07,กิจกรรมแถว,absent,
529,26,2026-01-07,กิจกรรมแถว,absent,
530,27,2026-01-07,กิจกรรมแถว,present,
531,28,2026-01-07,กิจกรรมแถว,present,
532,30,2026-01-07,กิจกรรมแถว,absent,
533,31,2026-01-07,กิจกรรมแถว,present,
534,33,2026-01-07,กิจกรรมแถว,present,
535,34,2026-01-07,กิจกรรมแถว,absent,
536,35,2026-01-07,กิจกรรมแถว,present,
537,36,2026-01-07,กิจกรรมแถว,present,
538,37,2026-01-07,กิจกรรมแถว,absent,
539,38,2026-01-07,กิจกรรมแถว,present,
540,39,2026-01-07,กิจกรรมแถว,present,
541,43,2026-01-07,กิจกรรมแถว,present,
542,44,2026-01-07,กิจกรรมแถว,present,
543,46,2026-01-07,กิจกรรมแถว,present,
544,47,2026-01-07,กิจกรรมแถว,present,
545,48,2026-01-07,กิจกรรมแถว,present,
546,49,2026-01-07,กิจกรรมแถว,present,
547,51,2026-01-07,กิจกรรมแถว,present,
548,54,2026-01-07,กิจกรรมแถว,present,
549,55,2026-01-07,กิจกรรมแถว,present,
550,56,2026-01-07,กิจกรรมแถว,present,
551,57,2026-01-07,กิจกรรมแถว,present,
552,58,2026-01-07,กิจกรรมแถว,present,
553,59,2026-01-07,กิจกรรมแถว,present,
554,61,2026-01-07,กิจกรรมแถว,present,
555,63,2026-01-07,กิจกรรมแถว,present,
556,65,2026-01-07,กิจกรรมแถว,present,
557,86,2026-01-07,กิจกรรมแถว,present,
558,110,2026-01-07,กิจกรรมแถว,present,
559,111,2026-01-07,กิจกรรมแถว,present,
560,112,2026-01-07,กิจกรรมแถว,absent,
561,113,2026-01-07,กิจกรรมแถว,present,
562,114,2026-01-07,กิจกรรมแถว,present,
563,115,2026-01-07,กิจกรรมแถว,absent,
564,116,2026-01-07,กิจกรรมแถว,present,
565,117,2026-01-07,กิจกรรมแถว,absent,
566,118,2026-01-07,กิจกรรมแถว,present,
567,119,2026-01-07,กิจกรรมแถว,present,
568,124,2026-01-07,กิจกรรมแถว,absent,
569,125,2026-01-07,กิจกรรมแถว,absent,
570,2,2026-01-08,กิจกรรมแถว,present,
571,3,2026-01-08,กิจกรรมแถว,present,
572,4,2026-01-08,กิจกรรมแถว,present,
573,5,2026-01-08,กิจกรรมแถว,present,
574,6,2026-01-08,กิจกรรมแถว,present,
575,8,2026-01-08,กิจกรรมแถว,present,
576,9,2026-01-08,กิจกรรมแถว,present,
577,10,2026-01-08,กิจกรรมแถว,present,
578,11,2026-01-08,กิจกรรมแถว,present,
579,12,2026-01-08,กิจกรรมแถว,present,
580,13,2026-01-08,กิจกรรมแถว,present,
581,14,2026-01-08,กิจกรรมแถว,present,
582,15,2026-01-08,กิจกรรมแถว,present,
583,16,2026-01-08,กิจกรรมแถว,present,
584,17,2026-01-08,กิจกรรมแถว,present,
585,18,2026-01-08,กิจกรรมแถว,present,
586,19,2026-01-08,กิจกรรมแถว,present,
587,21,2026-01-08,กิจกรรมแถว,present,
588,22,2026-01-08,กิจกรรมแถว,present,
589,25,2026-01-08,กิจกรรมแถว,present,
590,26,2026-01-08,กิจกรรมแถว,present,
591,27,2026-01-08,กิจกรรมแถว,present,
592,28,2026-01-08,กิจกรรมแถว,present,
593,30,2026-01-08,กิจกรรมแถว,present,
594,31,2026-01-08,กิจกรรมแถว,present,
595,33,2026-01-08,กิจกรรมแถว,present,
596,34,2026-01-08,กิจกรรมแถว,present,
597,35,2026-01-08,กิจกรรมแถว,present,
598,36,2026-01-08,กิจกรรมแถว,present,
599,37,2026-01-08,กิจกรรมแถว,present,
600,38,2026-01-08,กิจกรรมแถว,present,
601,39,2026-01-08,กิจกรรมแถว,present,
602,43,2026-01-08,กิจกรรมแถว,present,
603,44,2026-01-08,กิจกรรมแถว,present,
604,46,2026-01-08,กิจกรรมแถว,present,
605,47,2026-01-08,กิจกรรมแถว,present,
606,48,2026-01-08,กิจกรรมแถว,present,
607,49,2026-01-08,กิจกรรมแถว,present,
608,51,2026-01-08,กิจกรรมแถว,present,
609,54,2026-01-08,กิจกรรมแถว,present,
610,55,2026-01-08,กิจกรรมแถว,present,
611,56,2026-01-08,กิจกรรมแถว,present,
612,57,2026-01-08,กิจกรรมแถว,present,
613,58,2026-01-08,กิจกรรมแถว,present,
614,59,2026-01-08,กิจกรรมแถว,present,
615,61,2026-01-08,กิจกรรมแถว,present,
616,63,2026-01-08,กิจกรรมแถว,present,
617,65,2026-01-08,กิจกรรมแถว,present,
618,86,2026-01-08,กิจกรรมแถว,present,
619,110,2026-01-08,กิจกรรมแถว,present,
620,111,2026-01-08,กิจกรรมแถว,present,
621,112,2026-01-08,กิจกรรมแถว,present,
622,113,2026-01-08,กิจกรรมแถว,present,
623,114,2026-01-08,กิจกรรมแถว,present,
624,115,2026-01-08,กิจกรรมแถว,absent,
625,116,2026-01-08,กิจกรรมแถว,present,
626,117,2026-01-08,กิจกรรมแถว,absent,
627,118,2026-01-08,กิจกรรมแถว,present,
628,119,2026-01-08,กิจกรรมแถว,present,
629,124,2026-01-08,กิจกรรมแถว,absent,
630,125,2026-01-08,กิจกรรมแถว,absent,
631,2,2026-01-12,กิจกรรมแถว,present,
632,3,2026-01-12,กิจกรรมแถว,present,
633,4,2026-01-12,กิจกรรมแถว,present,
634,5,2026-01-12,กิจกรรมแถว,present,
635,6,2026-01-12,กิจกรรมแถว,present,
636,8,2026-01-12,กิจกรรมแถว,present,
637,9,2026-01-12,กิจกรรมแถว,present,
638,10,2026-01-12,กิจกรรมแถว,present,
639,11,2026-01-12,กิจกรรมแถว,present,
640,12,2026-01-12,กิจกรรมแถว,present,
641,13,2026-01-12,กิจกรรมแถว,present,
642,14,2026-01-12,กิจกรรมแถว,present,
643,15,2026-01-12,กิจกรรมแถว,present,
644,16,2026-01-12,กิจกรรมแถว,present,
645,17,2026-01-12,กิจกรรมแถว,present,
646,18,2026-01-12,กิจกรรมแถว,present,
647,19,2026-01-12,กิจกรรมแถว,present,
648,21,2026-01-12,กิจกรรมแถว,present,
649,22,2026-01-12,กิจกรรมแถว,present,
650,25,2026-01-12,กิจกรรมแถว,present,
651,26,2026-01-12,กิจกรรมแถว,present,
652,27,2026-01-12,กิจกรรมแถว,present,
653,28,2026-01-12,กิจกรรมแถว,present,
654,30,2026-01-12,กิจกรรมแถว,present,
655,31,2026-01-12,กิจกรรมแถว,present,
656,33,2026-01-12,กิจกรรมแถว,present,
657,34,2026-01-12,กิจกรรมแถว,present,
658,35,2026-01-12,กิจกรรมแถว,present,
659,36,2026-01-12,กิจกรรมแถว,present,
660,37,2026-01-12,กิจกรรมแถว,present,
661,38,2026-01-12,กิจกรรมแถว,present,
662,39,2026-01-12,กิจกรรมแถว,present,
663,43,2026-01-12,กิจกรรมแถว,present,
664,44,2026-01-12,กิจกรรมแถว,present,
665,46,2026-01-12,กิจกรรมแถว,absent,
666,47,2026-01-12,กิจกรรมแถว,present,
667,48,2026-01-12,กิจกรรมแถว,present,
668,49,2026-01-12,กิจกรรมแถว,present,
669,51,2026-01-12,กิจกรรมแถว,present,
670,54,2026-01-12,กิจกรรมแถว,present,
671,55,2026-01-12,กิจกรรมแถว,present,
672,56,2026-01-12,กิจกรรมแถว,present,
673,57,2026-01-12,กิจกรรมแถว,present,
674,58,2026-01-12,กิจกรรมแถว,present,
675,59,2026-01-12,กิจกรรมแถว,present,
676,61,2026-01-12,กิจกรรมแถว,present,
677,63,2026-01-12,กิจกรรมแถว,present,
678,65,2026-01-12,กิจกรรมแถว,present,
679,86,2026-01-12,กิจกรรมแถว,present,
680,110,2026-01-12,กิจกรรมแถว,absent,
681,111,2026-01-12,กิจกรรมแถว,present,
682,112,2026-01-12,กิจกรรมแถว,present,
683,113,2026-01-12,กิจกรรมแถว,present,
684,114,2026-01-12,กิจกรรมแถว,present,
685,115,2026-01-12,กิจกรรมแถว,absent,
686,116,2026-01-12,กิจกรรมแถว,present,
687,117,2026-01-12,กิจกรรมแถว,absent,
688,118,2026-01-12,กิจกรรมแถว,present,
689,119,2026-01-12,กิจกรรมแถว,present,
690,124,2026-01-12,กิจกรรมแถว,absent,
691,2,2026-01-15,กิจกรรมวันครู,present,
692,3,2026-01-15,กิจกรรมวันครู,present,
693,4,2026-01-15,กิจกรรมวันครู,present,
694,5,2026-01-15,กิจกรรมวันครู,present,
695,6,2026-01-15,กิจกรรมวันครู,present,
696,8,2026-01-15,กิจกรรมวันครู,present,
697,9,2026-01-15,กิจกรรมวันครู,present,
698,10,2026-01-15,กิจกรรมวันครู,present,
699,11,2026-01-15,กิจกรรมวันครู,present,
700,12,2026-01-15,กิจกรรมวันครู,present,
701,13,2026-01-15,กิจกรรมวันครู,present,
702,14,2026-01-15,กิจกรรมวันครู,present,
703,15,2026-01-15,กิจกรรมวันครู,present,
704,16,2026-01-15,กิจกรรมวันครู,present,
705,17,2026-01-15,กิจกรรมวันครู,present,
706,18,2026-01-15,กิจกรรมวันครู,present,
707,19,2026-01-15,กิจกรรมวันครู,present,
708,21,2026-01-15,กิจกรรมวันครู,present,
709,22,2026-01-15,กิจกรรมวันครู,present,
710,25,2026-01-15,กิจกรรมวันครู,present,
711,26,2026-01-15,กิจกรรมวันครู,present,
712,27,2026-01-15,กิจกรรมวันครู,present,
713,28,2026-01-15,กิจกรรมวันครู,present,
714,30,2026-01-15,กิจกรรมวันครู,present,
715,31,2026-01-15,กิจกรรมวันครู,present,
716,33,2026-01-15,กิจกรรมวันครู,present,
717,34,2026-01-15,กิจกรรมวันครู,present,
718,35,2026-01-15,กิจกรรมวันครู,present,
719,36,2026-01-15,กิจกรรมวันครู,present,
720,37,2026-01-15,กิจกรรมวันครู,present,
721,38,2026-01-15,กิจกรรมวันครู,present,
722,39,2026-01-15,กิจกรรมวันครู,present,
723,43,2026-01-15,กิจกรรมวันครู,present,
724,44,2026-01-15,กิจกรรมวันครู,present,
725,46,2026-01-15,กิจกรรมวันครู,present,
726,47,2026-01-15,กิจกรรมวันครู,present,
727,48,2026-01-15,กิจกรรมวันครู,present,
728,49,2026-01-15,กิจกรรมวันครู,present,
729,51,2026-01-15,กิจกรรมวันครู,absent,
730,54,2026-01-15,กิจกรรมวันครู,present,
731,55,2026-01-15,กิจกรรมวันครู,present,
732,56,2026-01-15,กิจกรรมวันครู,present,
733,57,2026-01-15,กิจกรรมวันครู,present,
734,58,2026-01-15,กิจกรรมวันครู,absent,
735,59,2026-01-15,กิจกรรมวันครู,present,
736,61,2026-01-15,กิจกรรมวันครู,present,
737,63,2026-01-15,กิจกรรมวันครู,present,
738,65,2026-01-15,กิจกรรมวันครู,present,
739,86,2026-01-15,กิจกรรมวันครู,present,
740,110,2026-01-15,กิจกรรมวันครู,present,
741,111,2026-01-15,กิจกรรมวันครู,present,
742,112,2026-01-15,กิจกรรมวันครู,present,
743,113,2026-01-15,กิจกรรมวันครู,present,
744,114,2026-01-15,กิจกรรมวันครู,present,
745,115,2026-01-15,กิจกรรมวันครู,present,
746,116,2026-01-15,กิจกรรมวันครู,present,
747,117,2026-01-15,กิจกรรมวันครู,present,
748,118,2026-01-15,กิจกรรมวันครู,present,
749,119,2026-01-15,กิจกรรมวันครู,present,
750,124,2026-01-15,กิจกรรมวันครู,absent,
751,23,2026-01-15,กิจกรรมวันครู,present,
752,24,2026-01-15,กิจกรรมวันครู,present,
753,29,2026-01-15,กิจกรรมวันครู,present,
754,32,2026-01-15,กิจกรรมวันครู,present,
755,40,2026-01-15,กิจกรรมวันครู,present,
756,41,2026-01-15,กิจกรรมวันครู,present,
757,42,2026-01-15,กิจกรรมวันครู,present,
758,45,2026-01-15,กิจกรรมวันครู,present,
759,60,2026-01-15,กิจกรรมวันครู,present,
760,62,2026-01-15,กิจกรรมวันครู,present,
761,64,2026-01-15,กิจกรรมวันครู,present,
762,66,2026-01-15,กิจกรรมวันครู,present,
763,67,2026-01-15,กิจกรรมวันครู,present,
764,68,2026-01-15,กิจกรรมวันครู,present,
765,69,2026-01-15,กิจกรรมวันครู,absent,
766,71,2026-01-15,กิจกรรมวันครู,present,
767,72,2026-01-15,กิจกรรมวันครู,absent,
768,73,2026-01-15,กิจกรรมวันครู,present,
769,74,2026-01-15,กิจกรรมวันครู,present,
770,76,2026-01-15,กิจกรรมวันครู,present,
771,77,2026-01-15,กิจกรรมวันครู,present,
772,78,2026-01-15,กิจกรรมวันครู,present,
773,79,2026-01-15,กิจกรรมวันครู,present,
774,80,2026-01-15,กิจกรรมวันครู,present,
775,82,2026-01-15,กิจกรรมวันครู,present,
776,84,2026-01-15,กิจกรรมวันครู,present,
777,85,2026-01-15,กิจกรรมวันครู,absent,
778,87,2026-01-15,กิจกรรมวันครู,present,
779,89,2026-01-15,กิจกรรมวันครู,present,
780,90,2026-01-15,กิจกรรมวันครู,present,
781,92,2026-01-15,กิจกรรมวันครู,present,
782,93,2026-01-15,กิจกรรมวันครู,present,
783,95,2026-01-15,กิจกรรมวันครู,absent,
784,96,2026-01-15,กิจกรรมวันครู,absent,
785,97,2026-01-15,กิจกรรมวันครู,present,
786,98,2026-01-15,กิจกรรมวันครู,present,
787,99,2026-01-15,กิจกรรมวันครู,present,
788,100,2026-01-15,กิจกรรมวันครู,present,
789,101,2026-01-15,กิจกรรมวันครู,present,
790,102,2026-01-15,กิจกรรมวันครู,present,
791,103,2026-01-15,กิจกรรมวันครู,present,
792,104,2026-01-15,กิจกรรมวันครู,present,
793,105,2026-01-15,กิจกรรมวันครู,present,
794,106,2026-01-15,กิจกรรมวันครู,present,
795,107,2026-01-15,กิจกรรมวันครู,present,
796,109,2026-01-15,กิจกรรมวันครู,present,
797,120,2026-01-15,กิจกรรมวันครู,present,
798,121,2026-01-15,กิจกรรมวันครู,present,
799,123,2026-01-15,กิจกรรมวันครู,present,
800,23,2026-01-22,กิจกรรมYLA(การเขียนใบโครงการ),present,
801,24,2026-01-22,กิจกรรมYLA(การเขียนใบโครงการ),present,
802,29,2026-01-22,กิจกรรมYLA(การเขียนใบโครงการ),present,
803,32,2026-01-22,กิจกรรมYLA(การเขียนใบโครงการ),absent,
804,40,2026-01-22,กิจกรรมYLA(การเขียนใบโครงการ),present,
805,41,2026-01-22,กิจกรรมYLA(การเขียนใบโครงการ),present,
806,42,2026-01-22,กิจกรรมYLA(การเขียนใบโครงการ),present,
807,45,2026-01-22,กิจกรรมYLA(การเขียนใบโครงการ),absent,
808,60,2026-01-22,กิจกรรมYLA(การเขียนใบโครงการ),present,
809,62,2026-01-22,กิจกรรมYLA(การเขียนใบโครงการ),absent,
810,64,2026-01-22,กิจกรรมYLA(การเขียนใบโครงการ),present,
811,66,2026-01-22,กิจกรรมYLA(การเขียนใบโครงการ),present,
812,67,2026-01-22,กิจกรรมYLA(การเขียนใบโครงการ),present,
813,68,2026-01-22,กิจกรรมYLA(การเขียนใบโครงการ),present,
814,71,2026-01-22,กิจกรรมYLA(การเขียนใบโครงการ),present,
815,72,2026-01-22,กิจกรรมYLA(การเขียนใบโครงการ),absent,
816,73,2026-01-22,กิจกรรมYLA(การเขียนใบโครงการ),present,
817,74,2026-01-22,กิจกรรมYLA(การเขียนใบโครงการ),present,
818,76,2026-01-22,กิจกรรมYLA(การเขียนใบโครงการ),present,
819,77,2026-01-22,กิจกรรมYLA(การเขียนใบโครงการ),present,
820,78,2026-01-22,กิจกรรมYLA(การเขียนใบโครงการ),present,
821,79,2026-01-22,กิจกรรมYLA(การเขียนใบโครงการ),present,
822,80,2026-01-22,กิจกรรมYLA(การเขียนใบโครงการ),present,
823,82,2026-01-22,กิจกรรมYLA(การเขียนใบโครงการ),present,
824,84,2026-01-22,กิจกรรมYLA(การเขียนใบโครงการ),absent,
825,87,2026-01-22,กิจกรรมYLA(การเขียนใบโครงการ),present,
826,89,2026-01-22,กิจกรรมYLA(การเขียนใบโครงการ),absent,
827,90,2026-01-22,กิจกรรมYLA(การเขียนใบโครงการ),absent,
828,92,2026-01-22,กิจกรรมYLA(การเขียนใบโครงการ),absent,
829,93,2026-01-22,กิจกรรมYLA(การเขียนใบโครงการ),present,
830,97,2026-01-22,กิจกรรมYLA(การเขียนใบโครงการ),present,
831,98,2026-01-22,กิจกรรมYLA(การเขียนใบโครงการ),present,
832,99,2026-01-22,กิจกรรมYLA(การเขียนใบโครงการ),absent,
833,100,2026-01-22,กิจกรรมYLA(การเขียนใบโครงการ),present,
834,101,2026-01-22,กิจกรรมYLA(การเขียนใบโครงการ),present,
835,102,2026-01-22,กิจกรรมYLA(การเขียนใบโครงการ),present,
836,103,2026-01-22,กิจกรรมYLA(การเขียนใบโครงการ),present,
837,104,2026-01-22,กิจกรรมYLA(การเขียนใบโครงการ),present,
838,105,2026-01-22,กิจกรรมYLA(การเขียนใบโครงการ),present,
839,106,2026-01-22,กิจกรรมYLA(การเขียนใบโครงการ),present,
840,107,2026-01-22,กิจกรรมYLA(การเขียนใบโครงการ),present,
841,109,2026-01-22,กิจกรรมYLA(การเขียนใบโครงการ),absent,
842,120,2026-01-22,กิจกรรมYLA(การเขียนใบโครงการ),present,
843,121,2026-01-22,กิจกรรมYLA(การเขียนใบโครงการ),present,
844,123,2026-01-22,กิจกรรมYLA(การเขียนใบโครงการ),present,
845,2,2026-01-22,กิจกรรมYLA(การเขียนใบโครงการ),present,
846,3,2026-01-22,กิจกรรมYLA(การเขียนใบโครงการ),present,
847,4,2026-01-22,กิจกรรมYLA(การเขียนใบโครงการ),present,
848,5,2026-01-22,กิจกรรมYLA(การเขียนใบโครงการ),present,
849,6,2026-01-22,กิจกรรมYLA(การเขียนใบโครงการ),present,
850,8,2026-01-22,กิจกรรมYLA(การเขียนใบโครงการ),present,
851,9,2026-01-22,กิจกรรมYLA(การเขียนใบโครงการ),present,
852,10,2026-01-22,กิจกรรมYLA(การเขียนใบโครงการ),present,
853,11,2026-01-22,กิจกรรมYLA(การเขียนใบโครงการ),present,
854,12,2026-01-22,กิจกรรมYLA(การเขียนใบโครงการ),present,
855,13,2026-01-22,กิจกรรมYLA(การเขียนใบโครงการ),present,
856,14,2026-01-22,กิจกรรมYLA(การเขียนใบโครงการ),present,
857,15,2026-01-22,กิจกรรมYLA(การเขียนใบโครงการ),present,
858,16,2026-01-22,กิจกรรมYLA(การเขียนใบโครงการ),present,
859,17,2026-01-22,กิจกรรมYLA(การเขียนใบโครงการ),present,
860,18,2026-01-22,กิจกรรมYLA(การเขียนใบโครงการ),present,
861,19,2026-01-22,กิจกรรมYLA(การเขียนใบโครงการ),present,
862,21,2026-01-22,กิจกรรมYLA(การเขียนใบโครงการ),present,
863,22,2026-01-22,กิจกรรมYLA(การเขียนใบโครงการ),present,
864,25,2026-01-22,กิจกรรมYLA(การเขียนใบโครงการ),present,
865,26,2026-01-22,กิจกรรมYLA(การเขียนใบโครงการ),present,
866,27,2026-01-22,กิจกรรมYLA(การเขียนใบโครงการ),present,
867,28,2026-01-22,กิจกรรมYLA(การเขียนใบโครงการ),present,
868,30,2026-01-22,กิจกรรมYLA(การเขียนใบโครงการ),present,
869,31,2026-01-22,กิจกรรมYLA(การเขียนใบโครงการ),present,
870,33,2026-01-22,กิจกรรมYLA(การเขียนใบโครงการ),present,
871,34,2026-01-22,กิจกรรมYLA(การเขียนใบโครงการ),present,
872,35,2026-01-22,กิจกรรมYLA(การเขียนใบโครงการ),present,
873,36,2026-01-22,กิจกรรมYLA(การเขียนใบโครงการ),present,
874,37,2026-01-22,กิจกรรมYLA(การเขียนใบโครงการ),present,
875,38,2026-01-22,กิจกรรมYLA(การเขียนใบโครงการ),present,
876,39,2026-01-22,กิจกรรมYLA(การเขียนใบโครงการ),present,
877,43,2026-01-22,กิจกรรมYLA(การเขียนใบโครงการ),present,
878,44,2026-01-22,กิจกรรมYLA(การเขียนใบโครงการ),present,
879,46,2026-01-22,กิจกรรมYLA(การเขียนใบโครงการ),present,
880,47,2026-01-22,กิจกรรมYLA(การเขียนใบโครงการ),present,
881,48,2026-01-22,กิจกรรมYLA(การเขียนใบโครงการ),present,
882,49,2026-01-22,กิจกรรมYLA(การเขียนใบโครงการ),present,
883,51,2026-01-22,กิจกรรมYLA(การเขียนใบโครงการ),present,
884,54,2026-01-22,กิจกรรมYLA(การเขียนใบโครงการ),present,
885,55,2026-01-22,กิจกรรมYLA(การเขียนใบโครงการ),present,
886,56,2026-01-22,กิจกรรมYLA(การเขียนใบโครงการ),present,
887,57,2026-01-22,กิจกรรมYLA(การเขียนใบโครงการ),present,
888,58,2026-01-22,กิจกรรมYLA(การเขียนใบโครงการ),present,
889,59,2026-01-22,กิจกรรมYLA(การเขียนใบโครงการ),present,
890,61,2026-01-22,กิจกรรมYLA(การเขียนใบโครงการ),absent,
891,63,2026-01-22,กิจกรรมYLA(การเขียนใบโครงการ),present,
892,65,2026-01-22,กิจกรรมYLA(การเขียนใบโครงการ),present,
893,86,2026-01-22,กิจกรรมYLA(การเขียนใบโครงการ),present,
894,110,2026-01-22,กิจกรรมYLA(การเขียนใบโครงการ),present,
895,111,2026-01-22,กิจกรรมYLA(การเขียนใบโครงการ),present,
896,112,2026-01-22,กิจกรรมYLA(การเขียนใบโครงการ),present,
897,113,2026-01-22,กิจกรรมYLA(การเขียนใบโครงการ),present,
898,114,2026-01-22,กิจกรรมYLA(การเขียนใบโครงการ),present,
899,116,2026-01-22,กิจกรรมYLA(การเขียนใบโครงการ),present,
900,118,2026-01-22,กิจกรรมYLA(การเขียนใบโครงการ),present,
901,119,2026-01-22,กิจกรรมYLA(การเขียนใบโครงการ),present,
902,124,2026-01-22,กิจกรรมYLA(การเขียนใบโครงการ),absent,
903,125,2026-01-22,กิจกรรมYLA(การเขียนใบโครงการ),present,
904,23,2026-01-22,กิจกรรมYLA,present,17.23
905,24,2026-01-22,กิจกรรมYLA,present,17.16
906,29,2026-01-22,กิจกรรมYLA,absent,ขาด
907,32,2026-01-22,กิจกรรมYLA,absent,ขาด
908,40,2026-01-22,กิจกรรมYLA,present,17.03
909,41,2026-01-22,กิจกรรมYLA,present,17.03
910,42,2026-01-22,กิจกรรมYLA,present,17.18
911,45,2026-01-22,กิจกรรมYLA,absent,ขาด
912,60,2026-01-22,กิจกรรมYLA,present,17.24
913,62,2026-01-22,กิจกรรมYLA,present,17.18
914,64,2026-01-22,กิจกรรมYLA,absent,ขาด
915,66,2026-01-22,กิจกรรมYLA,present,17.13
916,67,2026-01-22,กิจกรรมYLA,present,17.28
917,68,2026-01-22,กิจกรรมYLA,present,17.00
918,71,2026-01-22,กิจกรรมYLA,present,17.25
919,72,2026-01-22,กิจกรรมYLA,absent,ขาด
920,73,2026-01-22,กิจกรรมYLA,present,17.01
921,74,2026-01-22,กิจกรรมYLA,present,17.48
922,76,2026-01-22,กิจกรรมYLA,present,17.29
923,77,2026-01-22,กิจกรรมYLA,present,17.11
924,78,2026-01-22,กิจกรรมYLA,present,17.01
925,79,2026-01-22,กิจกรรมYLA,present,17.00
926,80,2026-01-22,กิจกรรมYLA,present,17.00
927,82,2026-01-22,กิจกรรมYLA,present,17.26
928,84,2026-01-22,กิจกรรมYLA,absent,ขาด
929,87,2026-01-22,กิจกรรมYLA,present,17.14
930,89,2026-01-22,กิจกรรมYLA,present,17.03
931,90,2026-01-22,กิจกรรมYLA,present,17.18
932,92,2026-01-22,กิจกรรมYLA,absent,ขาด
933,93,2026-01-22,กิจกรรมYLA,present,17.05
934,97,2026-01-22,กิจกรรมYLA,present,17.22
935,98,2026-01-22,กิจกรรมYLA,present,17.23
936,99,2026-01-22,กิจกรรมYLA,absent,ขาด
937,100,2026-01-22,กิจกรรมYLA,present,17.25
938,101,2026-01-22,กิจกรรมYLA,present,17.13
939,102,2026-01-22,กิจกรรมYLA,present,17.02
940,103,2026-01-22,กิจกรรมYLA,present,17.00
941,104,2026-01-22,กิจกรรมYLA,present,17.46
942,105,2026-01-22,กิจกรรมYLA,present,17.17
943,106,2026-01-22,กิจกรรมYLA,present,17.24
944,107,2026-01-22,กิจกรรมYLA,present,17.34
945,109,2026-01-22,กิจกรรมYLA,present,17.23
946,120,2026-01-22,กิจกรรมYLA,present,แจ้งสาย
947,121,2026-01-22,กิจกรรมYLA,present,17.17
948,123,2026-01-22,กิจกรรมYLA,present,17.48
949,2,2026-01-21,กิจกรรมYLA(การเขียนใบโครงการ),present,
950,3,2026-01-21,กิจกรรมYLA(การเขียนใบโครงการ),present,
951,4,2026-01-21,กิจกรรมYLA(การเขียนใบโครงการ),present,
952,5,2026-01-21,กิจกรรมYLA(การเขียนใบโครงการ),present,
953,6,2026-01-21,กิจกรรมYLA(การเขียนใบโครงการ),present,
954,8,2026-01-21,กิจกรรมYLA(การเขียนใบโครงการ),present,
955,9,2026-01-21,กิจกรรมYLA(การเขียนใบโครงการ),present,
956,10,2026-01-21,กิจกรรมYLA(การเขียนใบโครงการ),present,
957,11,2026-01-21,กิจกรรมYLA(การเขียนใบโครงการ),present,
958,12,2026-01-21,กิจกรรมYLA(การเขียนใบโครงการ),present,
959,13,2026-01-21,กิจกรรมYLA(การเขียนใบโครงการ),present,
960,14,2026-01-21,กิจกรรมYLA(การเขียนใบโครงการ),present,
961,15,2026-01-21,กิจกรรมYLA(การเขียนใบโครงการ),present,
962,16,2026-01-21,กิจกรรมYLA(การเขียนใบโครงการ),present,
963,17,2026-01-21,กิจกรรมYLA(การเขียนใบโครงการ),present,
964,18,2026-01-21,กิจกรรมYLA(การเขียนใบโครงการ),present,
965,19,2026-01-21,กิจกรรมYLA(การเขียนใบโครงการ),present,
966,21,2026-01-21,กิจกรรมYLA(การเขียนใบโครงการ),present,
967,22,2026-01-21,กิจกรรมYLA(การเขียนใบโครงการ),present,
968,25,2026-01-21,กิจกรรมYLA(การเขียนใบโครงการ),present,
969,26,2026-01-21,กิจกรรมYLA(การเขียนใบโครงการ),present,
970,27,2026-01-21,กิจกรรมYLA(การเขียนใบโครงการ),present,
971,28,2026-01-21,กิจกรรมYLA(การเขียนใบโครงการ),present,
972,30,2026-01-21,กิจกรรมYLA(การเขียนใบโครงการ),present,
973,31,2026-01-21,กิจกรรมYLA(การเขียนใบโครงการ),present,
974,33,2026-01-21,กิจกรรมYLA(การเขียนใบโครงการ),present,
975,34,2026-01-21,กิจกรรมYLA(การเขียนใบโครงการ),present,
976,35,2026-01-21,กิจกรรมYLA(การเขียนใบโครงการ),present,
977,36,2026-01-21,กิจกรรมYLA(การเขียนใบโครงการ),absent,
978,37,2026-01-21,กิจกรรมYLA(การเขียนใบโครงการ),present,
979,38,2026-01-21,กิจกรรมYLA(การเขียนใบโครงการ),present,
980,39,2026-01-21,กิจกรรมYLA(การเขียนใบโครงการ),present,
981,43,2026-01-21,กิจกรรมYLA(การเขียนใบโครงการ),present,
982,44,2026-01-21,กิจกรรมYLA(การเขียนใบโครงการ),present,
983,46,2026-01-21,กิจกรรมYLA(การเขียนใบโครงการ),present,
984,47,2026-01-21,กิจกรรมYLA(การเขียนใบโครงการ),present,
985,48,2026-01-21,กิจกรรมYLA(การเขียนใบโครงการ),present,
986,49,2026-01-21,กิจกรรมYLA(การเขียนใบโครงการ),present,
987,51,2026-01-21,กิจกรรมYLA(การเขียนใบโครงการ),present,
988,54,2026-01-21,กิจกรรมYLA(การเขียนใบโครงการ),present,
989,55,2026-01-21,กิจกรรมYLA(การเขียนใบโครงการ),present,
990,56,2026-01-21,กิจกรรมYLA(การเขียนใบโครงการ),present,
991,57,2026-01-21,กิจกรรมYLA(การเขียนใบโครงการ),present,
992,58,2026-01-21,กิจกรรมYLA(การเขียนใบโครงการ),present,
993,59,2026-01-21,กิจกรรมYLA(การเขียนใบโครงการ),present,
994,61,2026-01-21,กิจกรรมYLA(การเขียนใบโครงการ),absent,
995,63,2026-01-21,กิจกรรมYLA(การเขียนใบโครงการ),present,
996,65,2026-01-21,กิจกรรมYLA(การเขียนใบโครงการ),present,
997,86,2026-01-21,กิจกรรมYLA(การเขียนใบโครงการ),present,
998,110,2026-01-21,กิจกรรมYLA(การเขียนใบโครงการ),present,
999,111,2026-01-21,กิจกรรมYLA(การเขียนใบโครงการ),present,
1000,112,2026-01-21,กิจกรรมYLA(การเขียนใบโครงการ),present,
1001,113,2026-01-21,กิจกรรมYLA(การเขียนใบโครงการ),present,
1002,114,2026-01-21,กิจกรรมYLA(การเขียนใบโครงการ),present,
1003,116,2026-01-21,กิจกรรมYLA(การเขียนใบโครงการ),present,
1004,118,2026-01-21,กิจกรรมYLA(การเขียนใบโครงการ),present,
1005,119,2026-01-21,กิจกรรมYLA(การเขียนใบโครงการ),present,
1006,124,2026-01-21,กิจกรรมYLA(การเขียนใบโครงการ),absent,
1007,125,2026-01-21,กิจกรรมYLA(การเขียนใบโครงการ),present,
1008,127,2026-01-21,กิจกรรมYLA(การเขียนใบโครงการ),present,
1009,2,2026-01-25,ประชุมสภานักเรียน,present,
1010,3,2026-01-25,ประชุมสภานักเรียน,present,
1011,4,2026-01-25,ประชุมสภานักเรียน,present,
1012,5,2026-01-25,ประชุมสภานักเรียน,present,
1013,6,2026-01-25,ประชุมสภานักเรียน,absent,
1014,8,2026-01-25,ประชุมสภานักเรียน,present,
1015,9,2026-01-25,ประชุมสภานักเรียน,present,
1016,10,2026-01-25,ประชุมสภานักเรียน,present,
1017,11,2026-01-25,ประชุมสภานักเรียน,present,
1018,12,2026-01-25,ประชุมสภานักเรียน,present,
1019,13,2026-01-25,ประชุมสภานักเรียน,present,
1020,14,2026-01-25,ประชุมสภานักเรียน,present,
1021,15,2026-01-25,ประชุมสภานักเรียน,present,
1022,16,2026-01-25,ประชุมสภานักเรียน,present,
1023,17,2026-01-25,ประชุมสภานักเรียน,present,
1024,18,2026-01-25,ประชุมสภานักเรียน,absent,
1025,19,2026-01-25,ประชุมสภานักเรียน,present,
1026,21,2026-01-25,ประชุมสภานักเรียน,present,
1027,22,2026-01-25,ประชุมสภานักเรียน,present,
1028,25,2026-01-25,ประชุมสภานักเรียน,present,
1029,26,2026-01-25,ประชุมสภานักเรียน,present,
1030,27,2026-01-25,ประชุมสภานักเรียน,present,
1031,28,2026-01-25,ประชุมสภานักเรียน,present,
1032,30,2026-01-25,ประชุมสภานักเรียน,present,
1033,31,2026-01-25,ประชุมสภานักเรียน,present,
1034,33,2026-01-25,ประชุมสภานักเรียน,present,
1035,34,2026-01-25,ประชุมสภานักเรียน,present,
1036,35,2026-01-25,ประชุมสภานักเรียน,present,
1037,36,2026-01-25,ประชุมสภานักเรียน,present,
1038,37,2026-01-25,ประชุมสภานักเรียน,absent,
1039,38,2026-01-25,ประชุมสภานักเรียน,present,
1040,39,2026-01-25,ประชุมสภานักเรียน,present,
1041,43,2026-01-25,ประชุมสภานักเรียน,present,
1042,44,2026-01-25,ประชุมสภานักเรียน,present,
1043,46,2026-01-25,ประชุมสภานักเรียน,absent,
1044,47,2026-01-25,ประชุมสภานักเรียน,present,
1045,48,2026-01-25,ประชุมสภานักเรียน,present,
1046,49,2026-01-25,ประชุมสภานักเรียน,absent,
1047,51,2026-01-25,ประชุมสภานักเรียน,present,
1048,54,2026-01-25,ประชุมสภานักเรียน,present,
1049,55,2026-01-25,ประชุมสภานักเรียน,present,
1050,56,2026-01-25,ประชุมสภานักเรียน,present,
1051,57,2026-01-25,ประชุมสภานักเรียน,present,
1052,58,2026-01-25,ประชุมสภานักเรียน,absent,
1053,59,2026-01-25,ประชุมสภานักเรียน,present,
1054,61,2026-01-25,ประชุมสภานักเรียน,absent,
1055,63,2026-01-25,ประชุมสภานักเรียน,present,
1056,65,2026-01-25,ประชุมสภานักเรียน,present,
1057,86,2026-01-25,ประชุมสภานักเรียน,present,
1058,110,2026-01-25,ประชุมสภานักเรียน,absent,
1059,111,2026-01-25,ประชุมสภานักเรียน,present,
1060,112,2026-01-25,ประชุมสภานักเรียน,present,
1061,113,2026-01-25,ประชุมสภานักเรียน,absent,
1062,114,2026-01-25,ประชุมสภานักเรียน,present,
1063,116,2026-01-25,ประชุมสภานักเรียน,present,
1064,118,2026-01-25,ประชุมสภานักเรียน,present,
1065,119,2026-01-25,ประชุมสภานักเรียน,present,
1066,124,2026-01-25,ประชุมสภานักเรียน,present,
1067,125,2026-01-25,ประชุมสภานักเรียน,present,
1068,127,2026-01-25,ประชุมสภานักเรียน,present,
1069,2,2026-02-09,ประชุมสภานักเรียน,present,
1070,3,2026-02-09,ประชุมสภานักเรียน,present,
1071,4,2026-02-09,ประชุมสภานักเรียน,present,
1072,5,2026-02-09,ประชุมสภานักเรียน,present,
1073,6,2026-02-09,ประชุมสภานักเรียน,present,
1074,8,2026-02-09,ประชุมสภานักเรียน,present,
1075,9,2026-02-09,ประชุมสภานักเรียน,present,
1076,10,2026-02-09,ประชุมสภานักเรียน,present,
1077,11,2026-02-09,ประชุมสภานักเรียน,present,
1078,12,2026-02-09,ประชุมสภานักเรียน,present,
1079,13,2026-02-09,ประชุมสภานักเรียน,present,
1080,14,2026-02-09,ประชุมสภานักเรียน,present,
1081,15,2026-02-09,ประชุมสภานักเรียน,present,
1082,16,2026-02-09,ประชุมสภานักเรียน,present,
1083,17,2026-02-09,ประชุมสภานักเรียน,present,
1084,18,2026-02-09,ประชุมสภานักเรียน,present,
1085,19,2026-02-09,ประชุมสภานักเรียน,present,
1086,21,2026-02-09,ประชุมสภานักเรียน,present,
1087,22,2026-02-09,ประชุมสภานักเรียน,present,
1088,25,2026-02-09,ประชุมสภานักเรียน,present,
1089,26,2026-02-09,ประชุมสภานักเรียน,present,
1090,27,2026-02-09,ประชุมสภานักเรียน,present,
1091,28,2026-02-09,ประชุมสภานักเรียน,present,
1092,30,2026-02-09,ประชุมสภานักเรียน,absent,
1093,31,2026-02-09,ประชุมสภานักเรียน,present,
1094,33,2026-02-09,ประชุมสภานักเรียน,present,
1095,34,2026-02-09,ประชุมสภานักเรียน,present,
1096,35,2026-02-09,ประชุมสภานักเรียน,present,
1097,36,2026-02-09,ประชุมสภานักเรียน,present,
1098,37,2026-02-09,ประชุมสภานักเรียน,present,
1099,38,2026-02-09,ประชุมสภานักเรียน,present,
1100,39,2026-02-09,ประชุมสภานักเรียน,absent,
1101,43,2026-02-09,ประชุมสภานักเรียน,present,
1102,44,2026-02-09,ประชุมสภานักเรียน,present,
1103,46,2026-02-09,ประชุมสภานักเรียน,present,
1104,47,2026-02-09,ประชุมสภานักเรียน,present,
1105,48,2026-02-09,ประชุมสภานักเรียน,present,
1106,49,2026-02-09,ประชุมสภานักเรียน,absent,
1107,51,2026-02-09,ประชุมสภานักเรียน,absent,
1108,54,2026-02-09,ประชุมสภานักเรียน,absent,
1109,55,2026-02-09,ประชุมสภานักเรียน,absent,
1110,56,2026-02-09,ประชุมสภานักเรียน,absent,
1111,57,2026-02-09,ประชุมสภานักเรียน,present,
1112,58,2026-02-09,ประชุมสภานักเรียน,absent,
1113,59,2026-02-09,ประชุมสภานักเรียน,present,
1114,61,2026-02-09,ประชุมสภานักเรียน,present,
1115,63,2026-02-09,ประชุมสภานักเรียน,present,
1116,65,2026-02-09,ประชุมสภานักเรียน,present,
1117,86,2026-02-09,ประชุมสภานักเรียน,present,
1118,111,2026-02-09,ประชุมสภานักเรียน,present,
1119,112,2026-02-09,ประชุมสภานักเรียน,present,
1120,113,2026-02-09,ประชุมสภานักเรียน,present,
1121,114,2026-02-09,ประชุมสภานักเรียน,present,
1122,116,2026-02-09,ประชุมสภานักเรียน,present,
1123,118,2026-02-09,ประชุมสภานักเรียน,present,
1124,119,2026-02-09,ประชุมสภานักเรียน,present,
1125,124,2026-02-09,ประชุมสภานักเรียน,absent,
1126,125,2026-02-09,ประชุมสภานักเรียน,present,
1127,2,2026-02-05,ประชุมสภานักเรียน,absent,
1128,3,2026-02-05,ประชุมสภานักเรียน,present,
1129,4,2026-02-05,ประชุมสภานักเรียน,present,
1130,5,2026-02-05,ประชุมสภานักเรียน,present,
1131,6,2026-02-05,ประชุมสภานักเรียน,absent,
1132,8,2026-02-05,ประชุมสภานักเรียน,present,
1133,9,2026-02-05,ประชุมสภานักเรียน,present,
1134,10,2026-02-05,ประชุมสภานักเรียน,present,
1135,11,2026-02-05,ประชุมสภานักเรียน,present,
1136,12,2026-02-05,ประชุมสภานักเรียน,present,
1137,13,2026-02-05,ประชุมสภานักเรียน,present,
1138,14,2026-02-05,ประชุมสภานักเรียน,present,
1139,15,2026-02-05,ประชุมสภานักเรียน,present,
1140,16,2026-02-05,ประชุมสภานักเรียน,present,
1141,17,2026-02-05,ประชุมสภานักเรียน,present,
1142,18,2026-02-05,ประชุมสภานักเรียน,present,
1143,19,2026-02-05,ประชุมสภานักเรียน,absent,
1144,21,2026-02-05,ประชุมสภานักเรียน,present,
1145,22,2026-02-05,ประชุมสภานักเรียน,absent,
1146,25,2026-02-05,ประชุมสภานักเรียน,present,
1147,26,2026-02-05,ประชุมสภานักเรียน,present,
1148,27,2026-02-05,ประชุมสภานักเรียน,present,
1149,28,2026-02-05,ประชุมสภานักเรียน,present,
1150,30,2026-02-05,ประชุมสภานักเรียน,present,
1151,31,2026-02-05,ประชุมสภานักเรียน,present,
1152,33,2026-02-05,ประชุมสภานักเรียน,present,
1153,34,2026-02-05,ประชุมสภานักเรียน,present,
1154,35,2026-02-05,ประชุมสภานักเรียน,present,
1155,36,2026-02-05,ประชุมสภานักเรียน,present,
1156,37,2026-02-05,ประชุมสภานักเรียน,absent,
1157,38,2026-02-05,ประชุมสภานักเรียน,present,
1158,39,2026-02-05,ประชุมสภานักเรียน,present,
1159,43,2026-02-05,ประชุมสภานักเรียน,present,
1160,44,2026-02-05,ประชุมสภานักเรียน,present,
1161,46,2026-02-05,ประชุมสภานักเรียน,present,
1162,47,2026-02-05,ประชุมสภานักเรียน,present,
1163,48,2026-02-05,ประชุมสภานักเรียน,present,
1164,49,2026-02-05,ประชุมสภานักเรียน,present,
1165,51,2026-02-05,ประชุมสภานักเรียน,present,
1166,54,2026-02-05,ประชุมสภานักเรียน,present,
1167,55,2026-02-05,ประชุมสภานักเรียน,present,
1168,56,2026-02-05,ประชุมสภานักเรียน,present,
1169,57,2026-02-05,ประชุมสภานักเรียน,present,
1170,58,2026-02-05,ประชุมสภานักเรียน,present,
1171,59,2026-02-05,ประชุมสภานักเรียน,present,
1172,61,2026-02-05,ประชุมสภานักเรียน,present,
1173,63,2026-02-05,ประชุมสภานักเรียน,present,
1174,65,2026-02-05,ประชุมสภานักเรียน,present,
1175,86,2026-02-05,ประชุมสภานักเรียน,present,
1176,111,2026-02-05,ประชุมสภานักเรียน,present,
1177,112,2026-02-05,ประชุมสภานักเรียน,present,
1178,113,2026-02-05,ประชุมสภานักเรียน,present,
1179,114,2026-02-05,ประชุมสภานักเรียน,present,
1180,116,2026-02-05,ประชุมสภานักเรียน,present,
1181,118,2026-02-05,ประชุมสภานักเรียน,present,
1182,119,2026-02-05,ประชุมสภานักเรียน,present,
1183,124,2026-02-05,ประชุมสภานักเรียน,present,
1184,125,2026-02-05,ประชุมสภานักเรียน,present,
1185,2,2026-02-04,ประชุมสภานักเรียน,present,
1186,3,2026-02-04,ประชุมสภานักเรียน,present,
1187,4,2026-02-04,ประชุมสภานักเรียน,present,
1188,5,2026-02-04,ประชุมสภานักเรียน,present,
1189,6,2026-02-04,ประชุมสภานักเรียน,present,
1190,8,2026-02-04,ประชุมสภานักเรียน,present,
1191,9,2026-02-04,ประชุมสภานักเรียน,present,
1192,10,2026-02-04,ประชุมสภานักเรียน,present,
1193,11,2026-02-04,ประชุมสภานักเรียน,present,
1194,12,2026-02-04,ประชุมสภานักเรียน,absent,
1195,13,2026-02-04,ประชุมสภานักเรียน,present,
1196,14,2026-02-04,ประชุมสภานักเรียน,present,
1197,15,2026-02-04,ประชุมสภานักเรียน,present,
1198,16,2026-02-04,ประชุมสภานักเรียน,present,
1199,17,2026-02-04,ประชุมสภานักเรียน,present,
1200,18,2026-02-04,ประชุมสภานักเรียน,present,
1201,19,2026-02-04,ประชุมสภานักเรียน,present,
1202,21,2026-02-04,ประชุมสภานักเรียน,present,
1203,22,2026-02-04,ประชุมสภานักเรียน,present,
1204,25,2026-02-04,ประชุมสภานักเรียน,present,
1205,26,2026-02-04,ประชุมสภานักเรียน,present,
1206,27,2026-02-04,ประชุมสภานักเรียน,present,
1207,28,2026-02-04,ประชุมสภานักเรียน,present,
1208,30,2026-02-04,ประชุมสภานักเรียน,present,
1209,31,2026-02-04,ประชุมสภานักเรียน,present,
1210,33,2026-02-04,ประชุมสภานักเรียน,present,
1211,34,2026-02-04,ประชุมสภานักเรียน,present,
1212,35,2026-02-04,ประชุมสภานักเรียน,present,
1213,36,2026-02-04,ประชุมสภานักเรียน,present,
1214,37,2026-02-04,ประชุมสภานักเรียน,present,
1215,38,2026-02-04,ประชุมสภานักเรียน,present,
1216,39,2026-02-04,ประชุมสภานักเรียน,absent,
1217,43,2026-02-04,ประชุมสภานักเรียน,present,
1218,44,2026-02-04,ประชุมสภานักเรียน,present,
1219,46,2026-02-04,ประชุมสภานักเรียน,present,
1220,47,2026-02-04,ประชุมสภานักเรียน,present,
1221,48,2026-02-04,ประชุมสภานักเรียน,present,
1222,49,2026-02-04,ประชุมสภานักเรียน,present,
1223,51,2026-02-04,ประชุมสภานักเรียน,present,
1224,54,2026-02-04,ประชุมสภานักเรียน,present,
1225,55,2026-02-04,ประชุมสภานักเรียน,present,
1226,56,2026-02-04,ประชุมสภานักเรียน,present,
1227,57,2026-02-04,ประชุมสภานักเรียน,present,
1228,58,2026-02-04,ประชุมสภานักเรียน,present,
1229,59,2026-02-04,ประชุมสภานักเรียน,present,
1230,61,2026-02-04,ประชุมสภานักเรียน,present,
1231,63,2026-02-04,ประชุมสภานักเรียน,present,
1232,65,2026-02-04,ประชุมสภานักเรียน,present,
1233,86,2026-02-04,ประชุมสภานักเรียน,present,
1234,111,2026-02-04,ประชุมสภานักเรียน,present,
1235,112,2026-02-04,ประชุมสภานักเรียน,absent,
1236,113,2026-02-04,ประชุมสภานักเรียน,present,
1237,114,2026-02-04,ประชุมสภานักเรียน,absent,
1238,116,2026-02-04,ประชุมสภานักเรียน,present,
1239,118,2026-02-04,ประชุมสภานักเรียน,present,
1240,119,2026-02-04,ประชุมสภานักเรียน,present,
1241,124,2026-02-04,ประชุมสภานักเรียน,present,
1242,125,2026-02-04,ประชุมสภานักเรียน,absent,
1243,2,2026-02-02,ประชุมสภานักเรียน,present,
1244,3,2026-02-02,ประชุมสภานักเรียน,present,
1245,4,2026-02-02,ประชุมสภานักเรียน,present,
1246,5,2026-02-02,ประชุมสภานักเรียน,present,
1247,6,2026-02-02,ประชุมสภานักเรียน,present,
1248,8,2026-02-02,ประชุมสภานักเรียน,present,
1249,9,2026-02-02,ประชุมสภานักเรียน,present,
1250,10,2026-02-02,ประชุมสภานักเรียน,present,
1251,11,2026-02-02,ประชุมสภานักเรียน,present,
1252,12,2026-02-02,ประชุมสภานักเรียน,present,
1253,13,2026-02-02,ประชุมสภานักเรียน,present,
1254,14,2026-02-02,ประชุมสภานักเรียน,present,
1255,15,2026-02-02,ประชุมสภานักเรียน,present,
1256,16,2026-02-02,ประชุมสภานักเรียน,present,
1257,17,2026-02-02,ประชุมสภานักเรียน,present,
1258,18,2026-02-02,ประชุมสภานักเรียน,present,
1259,19,2026-02-02,ประชุมสภานักเรียน,present,
1260,21,2026-02-02,ประชุมสภานักเรียน,present,
1261,22,2026-02-02,ประชุมสภานักเรียน,present,
1262,25,2026-02-02,ประชุมสภานักเรียน,present,
1263,26,2026-02-02,ประชุมสภานักเรียน,absent,
1264,27,2026-02-02,ประชุมสภานักเรียน,present,
1265,28,2026-02-02,ประชุมสภานักเรียน,present,
1266,30,2026-02-02,ประชุมสภานักเรียน,present,
1267,31,2026-02-02,ประชุมสภานักเรียน,present,
1268,33,2026-02-02,ประชุมสภานักเรียน,present,
1269,34,2026-02-02,ประชุมสภานักเรียน,present,
1270,35,2026-02-02,ประชุมสภานักเรียน,present,
1271,36,2026-02-02,ประชุมสภานักเรียน,present,
1272,37,2026-02-02,ประชุมสภานักเรียน,absent,
1273,38,2026-02-02,ประชุมสภานักเรียน,present,
1274,39,2026-02-02,ประชุมสภานักเรียน,present,
1275,43,2026-02-02,ประชุมสภานักเรียน,present,
1276,44,2026-02-02,ประชุมสภานักเรียน,present,
1277,46,2026-02-02,ประชุมสภานักเรียน,present,
1278,47,2026-02-02,ประชุมสภานักเรียน,present,
1279,48,2026-02-02,ประชุมสภานักเรียน,absent,
1280,49,2026-02-02,ประชุมสภานักเรียน,present,
1281,51,2026-02-02,ประชุมสภานักเรียน,present,
1282,54,2026-02-02,ประชุมสภานักเรียน,present,
1283,55,2026-02-02,ประชุมสภานักเรียน,present,
1284,56,2026-02-02,ประชุมสภานักเรียน,present,
1285,57,2026-02-02,ประชุมสภานักเรียน,present,
1286,58,2026-02-02,ประชุมสภานักเรียน,present,
1287,59,2026-02-02,ประชุมสภานักเรียน,present,
1288,61,2026-02-02,ประชุมสภานักเรียน,present,
1289,63,2026-02-02,ประชุมสภานักเรียน,present,
1290,65,2026-02-02,ประชุมสภานักเรียน,present,
1291,86,2026-02-02,ประชุมสภานักเรียน,present,
1292,111,2026-02-02,ประชุมสภานักเรียน,present,
1293,112,2026-02-02,ประชุมสภานักเรียน,present,
1294,113,2026-02-02,ประชุมสภานักเรียน,absent,
1295,114,2026-02-02,ประชุมสภานักเรียน,present,
1296,116,2026-02-02,ประชุมสภานักเรียน,present,
1297,118,2026-02-02,ประชุมสภานักเรียน,present,
1298,119,2026-02-02,ประชุมสภานักเรียน,present,
1299,124,2026-02-02,ประชุมสภานักเรียน,present,
1300,125,2026-02-02,ประชุมสภานักเรียน,present,
1301,3,2026-02-01,ประชุมสภานักเรียน,absent,
1302,4,2026-02-01,ประชุมสภานักเรียน,absent,
1303,5,2026-02-01,ประชุมสภานักเรียน,present,
1304,6,2026-02-01,ประชุมสภานักเรียน,present,
1305,8,2026-02-01,ประชุมสภานักเรียน,present,
1306,9,2026-02-01,ประชุมสภานักเรียน,absent,
1307,10,2026-02-01,ประชุมสภานักเรียน,present,
1308,11,2026-02-01,ประชุมสภานักเรียน,present,
1309,12,2026-02-01,ประชุมสภานักเรียน,present,
1310,13,2026-02-01,ประชุมสภานักเรียน,present,
1311,14,2026-02-01,ประชุมสภานักเรียน,present,
1312,15,2026-02-01,ประชุมสภานักเรียน,present,
1313,16,2026-02-01,ประชุมสภานักเรียน,present,
1314,17,2026-02-01,ประชุมสภานักเรียน,absent,
1315,18,2026-02-01,ประชุมสภานักเรียน,present,
1316,19,2026-02-01,ประชุมสภานักเรียน,present,
1317,21,2026-02-01,ประชุมสภานักเรียน,present,
1318,22,2026-02-01,ประชุมสภานักเรียน,present,
1319,25,2026-02-01,ประชุมสภานักเรียน,present,
1320,26,2026-02-01,ประชุมสภานักเรียน,present,
1321,27,2026-02-01,ประชุมสภานักเรียน,present,
1322,28,2026-02-01,ประชุมสภานักเรียน,present,
1323,30,2026-02-01,ประชุมสภานักเรียน,present,
1324,31,2026-02-01,ประชุมสภานักเรียน,present,
1325,33,2026-02-01,ประชุมสภานักเรียน,present,
1326,34,2026-02-01,ประชุมสภานักเรียน,present,
1327,35,2026-02-01,ประชุมสภานักเรียน,present,
1328,36,2026-02-01,ประชุมสภานักเรียน,present,
1329,37,2026-02-01,ประชุมสภานักเรียน,present,
1330,38,2026-02-01,ประชุมสภานักเรียน,absent,
1331,39,2026-02-01,ประชุมสภานักเรียน,present,
1332,43,2026-02-01,ประชุมสภานักเรียน,present,
1333,44,2026-02-01,ประชุมสภานักเรียน,present,
1334,46,2026-02-01,ประชุมสภานักเรียน,present,
1335,47,2026-02-01,ประชุมสภานักเรียน,present,
1336,48,2026-02-01,ประชุมสภานักเรียน,present,
1337,49,2026-02-01,ประชุมสภานักเรียน,present,
1338,51,2026-02-01,ประชุมสภานักเรียน,present,
1339,54,2026-02-01,ประชุมสภานักเรียน,present,
1340,55,2026-02-01,ประชุมสภานักเรียน,present,
1341,56,2026-02-01,ประชุมสภานักเรียน,present,
1342,57,2026-02-01,ประชุมสภานักเรียน,present,
1343,58,2026-02-01,ประชุมสภานักเรียน,present,
1344,59,2026-02-01,ประชุมสภานักเรียน,present,
1345,61,2026-02-01,ประชุมสภานักเรียน,present,
1346,63,2026-02-01,ประชุมสภานักเรียน,present,
1347,65,2026-02-01,ประชุมสภานักเรียน,present,
1348,86,2026-02-01,ประชุมสภานักเรียน,present,
1349,111,2026-02-01,ประชุมสภานักเรียน,present,
1350,112,2026-02-01,ประชุมสภานักเรียน,present,
1351,113,2026-02-01,ประชุมสภานักเรียน,present,
1352,114,2026-02-01,ประชุมสภานักเรียน,present,
1353,116,2026-02-01,ประชุมสภานักเรียน,present,
1354,118,2026-02-01,ประชุมสภานักเรียน,present,
1355,119,2026-02-01,ประชุมสภานักเรียน,present,
1356,124,2026-02-01,ประชุมสภานักเรียน,present,
1357,125,2026-02-01,ประชุมสภานักเรียน,present,
1358,2,2026-02-10,ประชุมสภานักเรียน,present,
1359,3,2026-02-10,ประชุมสภานักเรียน,present,
1360,4,2026-02-10,ประชุมสภานักเรียน,present,
1361,5,2026-02-10,ประชุมสภานักเรียน,present,
1362,6,2026-02-10,ประชุมสภานักเรียน,present,
1363,8,2026-02-10,ประชุมสภานักเรียน,present,
1364,9,2026-02-10,ประชุมสภานักเรียน,present,
1365,10,2026-02-10,ประชุมสภานักเรียน,absent,
1366,11,2026-02-10,ประชุมสภานักเรียน,present,
1367,12,2026-02-10,ประชุมสภานักเรียน,present,
1368,13,2026-02-10,ประชุมสภานักเรียน,present,
1369,14,2026-02-10,ประชุมสภานักเรียน,present,
1370,15,2026-02-10,ประชุมสภานักเรียน,present,
1371,16,2026-02-10,ประชุมสภานักเรียน,present,
1372,17,2026-02-10,ประชุมสภานักเรียน,present,
1373,18,2026-02-10,ประชุมสภานักเรียน,present,
1374,19,2026-02-10,ประชุมสภานักเรียน,present,
1375,21,2026-02-10,ประชุมสภานักเรียน,present,
1376,22,2026-02-10,ประชุมสภานักเรียน,present,
1377,25,2026-02-10,ประชุมสภานักเรียน,present,
1378,26,2026-02-10,ประชุมสภานักเรียน,present,
1379,27,2026-02-10,ประชุมสภานักเรียน,present,
1380,28,2026-02-10,ประชุมสภานักเรียน,present,
1381,30,2026-02-10,ประชุมสภานักเรียน,present,
1382,31,2026-02-10,ประชุมสภานักเรียน,present,
1383,33,2026-02-10,ประชุมสภานักเรียน,present,
1384,34,2026-02-10,ประชุมสภานักเรียน,present,
1385,35,2026-02-10,ประชุมสภานักเรียน,present,
1386,36,2026-02-10,ประชุมสภานักเรียน,present,
1387,37,2026-02-10,ประชุมสภานักเรียน,present,
1388,38,2026-02-10,ประชุมสภานักเรียน,present,
1389,39,2026-02-10,ประชุมสภานักเรียน,present,
1390,43,2026-02-10,ประชุมสภานักเรียน,present,
1391,44,2026-02-10,ประชุมสภานักเรียน,present,
1392,46,2026-02-10,ประชุมสภานักเรียน,present,
1393,47,2026-02-10,ประชุมสภานักเรียน,present,
1394,48,2026-02-10,ประชุมสภานักเรียน,present,
1395,49,2026-02-10,ประชุมสภานักเรียน,present,
1396,51,2026-02-10,ประชุมสภานักเรียน,present,
1397,54,2026-02-10,ประชุมสภานักเรียน,present,
1398,55,2026-02-10,ประชุมสภานักเรียน,present,
1399,56,2026-02-10,ประชุมสภานักเรียน,present,
1400,57,2026-02-10,ประชุมสภานักเรียน,present,
1401,58,2026-02-10,ประชุมสภานักเรียน,present,
1402,59,2026-02-10,ประชุมสภานักเรียน,present,
1403,61,2026-02-10,ประชุมสภานักเรียน,present,
1404,63,2026-02-10,ประชุมสภานักเรียน,present,
1405,65,2026-02-10,ประชุมสภานักเรียน,present,
1406,86,2026-02-10,ประชุมสภานักเรียน,present,
1407,111,2026-02-10,ประชุมสภานักเรียน,present,
1408,112,2026-02-10,ประชุมสภานักเรียน,absent,
1409,113,2026-02-10,ประชุมสภานักเรียน,present,
1410,114,2026-02-10,ประชุมสภานักเรียน,absent,
1411,116,2026-02-10,ประชุมสภานักเรียน,absent,
1412,118,2026-02-10,ประชุมสภานักเรียน,present,
1413,119,2026-02-10,ประชุมสภานักเรียน,present,
1414,124,2026-02-10,ประชุมสภานักเรียน,absent,
1415,125,2026-02-10,ประชุมสภานักเรียน,present,
1416,2,2026-02-11,ประชุมสภานักเรียน,present,
1417,3,2026-02-11,ประชุมสภานักเรียน,present,
1418,4,2026-02-11,ประชุมสภานักเรียน,present,
1419,5,2026-02-11,ประชุมสภานักเรียน,present,
1420,6,2026-02-11,ประชุมสภานักเรียน,present,
1421,8,2026-02-11,ประชุมสภานักเรียน,present,
1422,9,2026-02-11,ประชุมสภานักเรียน,present,
1423,10,2026-02-11,ประชุมสภานักเรียน,present,
1424,11,2026-02-11,ประชุมสภานักเรียน,present,
1425,12,2026-02-11,ประชุมสภานักเรียน,present,
1426,13,2026-02-11,ประชุมสภานักเรียน,absent,
1427,14,2026-02-11,ประชุมสภานักเรียน,present,
1428,15,2026-02-11,ประชุมสภานักเรียน,present,
1429,16,2026-02-11,ประชุมสภานักเรียน,present,
1430,17,2026-02-11,ประชุมสภานักเรียน,present,
1431,18,2026-02-11,ประชุมสภานักเรียน,present,
1432,19,2026-02-11,ประชุมสภานักเรียน,present,
1433,21,2026-02-11,ประชุมสภานักเรียน,present,
1434,22,2026-02-11,ประชุมสภานักเรียน,present,
1435,25,2026-02-11,ประชุมสภานักเรียน,present,
1436,26,2026-02-11,ประชุมสภานักเรียน,present,
1437,27,2026-02-11,ประชุมสภานักเรียน,present,
1438,28,2026-02-11,ประชุมสภานักเรียน,present,
1439,30,2026-02-11,ประชุมสภานักเรียน,present,
1440,31,2026-02-11,ประชุมสภานักเรียน,present,
1441,33,2026-02-11,ประชุมสภานักเรียน,present,
1442,34,2026-02-11,ประชุมสภานักเรียน,present,
1443,35,2026-02-11,ประชุมสภานักเรียน,present,
1444,36,2026-02-11,ประชุมสภานักเรียน,present,
1445,37,2026-02-11,ประชุมสภานักเรียน,present,
1446,38,2026-02-11,ประชุมสภานักเรียน,present,
1447,39,2026-02-11,ประชุมสภานักเรียน,present,
1448,43,2026-02-11,ประชุมสภานักเรียน,present,
1449,44,2026-02-11,ประชุมสภานักเรียน,present,
1450,46,2026-02-11,ประชุมสภานักเรียน,present,
1451,47,2026-02-11,ประชุมสภานักเรียน,present,
1452,48,2026-02-11,ประชุมสภานักเรียน,present,
1453,49,2026-02-11,ประชุมสภานักเรียน,present,
1454,51,2026-02-11,ประชุมสภานักเรียน,present,
1455,54,2026-02-11,ประชุมสภานักเรียน,present,
1456,55,2026-02-11,ประชุมสภานักเรียน,present,
1457,56,2026-02-11,ประชุมสภานักเรียน,present,
1458,57,2026-02-11,ประชุมสภานักเรียน,present,
1459,58,2026-02-11,ประชุมสภานักเรียน,present,
1460,59,2026-02-11,ประชุมสภานักเรียน,present,
1461,61,2026-02-11,ประชุมสภานักเรียน,absent,
1462,63,2026-02-11,ประชุมสภานักเรียน,present,
1463,65,2026-02-11,ประชุมสภานักเรียน,present,
1464,86,2026-02-11,ประชุมสภานักเรียน,present,
1465,111,2026-02-11,ประชุมสภานักเรียน,present,
1466,112,2026-02-11,ประชุมสภานักเรียน,present,
1467,113,2026-02-11,ประชุมสภานักเรียน,present,
1468,114,2026-02-11,ประชุมสภานักเรียน,present,
1469,116,2026-02-11,ประชุมสภานักเรียน,present,
1470,118,2026-02-11,ประชุมสภานักเรียน,present,
1471,119,2026-02-11,ประชุมสภานักเรียน,present,
1472,124,2026-02-11,ประชุมสภานักเรียน,absent,
1473,125,2026-02-11,ประชุมสภานักเรียน,present,
1474,2,2026-02-12,ประชุมสภานักเรียน,present,
1475,3,2026-02-12,ประชุมสภานักเรียน,present,
1476,4,2026-02-12,ประชุมสภานักเรียน,present,
1477,5,2026-02-12,ประชุมสภานักเรียน,present,
1478,6,2026-02-12,ประชุมสภานักเรียน,present,
1479,8,2026-02-12,ประชุมสภานักเรียน,present,
1480,9,2026-02-12,ประชุมสภานักเรียน,present,
1481,10,2026-02-12,ประชุมสภานักเรียน,present,
1482,11,2026-02-12,ประชุมสภานักเรียน,present,
1483,12,2026-02-12,ประชุมสภานักเรียน,present,
1484,13,2026-02-12,ประชุมสภานักเรียน,present,
1485,14,2026-02-12,ประชุมสภานักเรียน,present,
1486,15,2026-02-12,ประชุมสภานักเรียน,present,
1487,16,2026-02-12,ประชุมสภานักเรียน,present,
1488,17,2026-02-12,ประชุมสภานักเรียน,absent,
1489,18,2026-02-12,ประชุมสภานักเรียน,present,
1490,19,2026-02-12,ประชุมสภานักเรียน,present,
1491,21,2026-02-12,ประชุมสภานักเรียน,present,
1492,22,2026-02-12,ประชุมสภานักเรียน,present,
1493,25,2026-02-12,ประชุมสภานักเรียน,present,
1494,26,2026-02-12,ประชุมสภานักเรียน,present,
1495,27,2026-02-12,ประชุมสภานักเรียน,present,
1496,28,2026-02-12,ประชุมสภานักเรียน,present,
1497,30,2026-02-12,ประชุมสภานักเรียน,present,
1498,31,2026-02-12,ประชุมสภานักเรียน,present,
1499,33,2026-02-12,ประชุมสภานักเรียน,present,
1500,34,2026-02-12,ประชุมสภานักเรียน,present,
1501,35,2026-02-12,ประชุมสภานักเรียน,present,
1502,36,2026-02-12,ประชุมสภานักเรียน,present,
1503,37,2026-02-12,ประชุมสภานักเรียน,present,
1504,38,2026-02-12,ประชุมสภานักเรียน,present,
1505,39,2026-02-12,ประชุมสภานักเรียน,present,
1506,43,2026-02-12,ประชุมสภานักเรียน,absent,
1507,44,2026-02-12,ประชุมสภานักเรียน,present,
1508,46,2026-02-12,ประชุมสภานักเรียน,present,
1509,47,2026-02-12,ประชุมสภานักเรียน,present,
1510,48,2026-02-12,ประชุมสภานักเรียน,present,
1511,49,2026-02-12,ประชุมสภานักเรียน,present,
1512,51,2026-02-12,ประชุมสภานักเรียน,present,
1513,54,2026-02-12,ประชุมสภานักเรียน,present,
1514,55,2026-02-12,ประชุมสภานักเรียน,present,
1515,56,2026-02-12,ประชุมสภานักเรียน,present,
1516,57,2026-02-12,ประชุมสภานักเรียน,present,
1517,58,2026-02-12,ประชุมสภานักเรียน,present,
1518,59,2026-02-12,ประชุมสภานักเรียน,present,
1519,61,2026-02-12,ประชุมสภานักเรียน,present,
1520,63,2026-02-12,ประชุมสภานักเรียน,present,
1521,65,2026-02-12,ประชุมสภานักเรียน,present,
1522,86,2026-02-12,ประชุมสภานักเรียน,present,
1523,111,2026-02-12,ประชุมสภานักเรียน,present,
1524,112,2026-02-12,ประชุมสภานักเรียน,present,
1525,113,2026-02-12,ประชุมสภานักเรียน,present,
1526,114,2026-02-12,ประชุมสภานักเรียน,present,
1527,116,2026-02-12,ประชุมสภานักเรียน,present,
1528,118,2026-02-12,ประชุมสภานักเรียน,present,
1529,119,2026-02-12,ประชุมสภานักเรียน,present,
1530,124,2026-02-12,ประชุมสภานักเรียน,absent,
1531,2,2026-02-14,ประชุมสภานักเรียน,present,
1532,3,2026-02-14,ประชุมสภานักเรียน,present,
1533,4,2026-02-14,ประชุมสภานักเรียน,present,
1534,5,2026-02-14,ประชุมสภานักเรียน,present,
1535,6,2026-02-14,ประชุมสภานักเรียน,present,
1536,8,2026-02-14,ประชุมสภานักเรียน,present,
1537,9,2026-02-14,ประชุมสภานักเรียน,present,
1538,10,2026-02-14,ประชุมสภานักเรียน,absent,
1539,11,2026-02-14,ประชุมสภานักเรียน,absent,
1540,12,2026-02-14,ประชุมสภานักเรียน,present,
1541,13,2026-02-14,ประชุมสภานักเรียน,present,
1542,14,2026-02-14,ประชุมสภานักเรียน,absent,
1543,15,2026-02-14,ประชุมสภานักเรียน,present,
1544,16,2026-02-14,ประชุมสภานักเรียน,present,
1545,17,2026-02-14,ประชุมสภานักเรียน,present,
1546,18,2026-02-14,ประชุมสภานักเรียน,present,
1547,19,2026-02-14,ประชุมสภานักเรียน,absent,
1548,21,2026-02-14,ประชุมสภานักเรียน,absent,
1549,22,2026-02-14,ประชุมสภานักเรียน,absent,
1550,25,2026-02-14,ประชุมสภานักเรียน,absent,
1551,26,2026-02-14,ประชุมสภานักเรียน,absent,
1552,27,2026-02-14,ประชุมสภานักเรียน,absent,
1553,28,2026-02-14,ประชุมสภานักเรียน,absent,
1554,30,2026-02-14,ประชุมสภานักเรียน,absent,
1555,31,2026-02-14,ประชุมสภานักเรียน,absent,
1556,33,2026-02-14,ประชุมสภานักเรียน,absent,
1557,34,2026-02-14,ประชุมสภานักเรียน,absent,
1558,35,2026-02-14,ประชุมสภานักเรียน,absent,
1559,36,2026-02-14,ประชุมสภานักเรียน,absent,
1560,37,2026-02-14,ประชุมสภานักเรียน,absent,
1561,38,2026-02-14,ประชุมสภานักเรียน,absent,
1562,39,2026-02-14,ประชุมสภานักเรียน,absent,
1563,43,2026-02-14,ประชุมสภานักเรียน,present,
1564,44,2026-02-14,ประชุมสภานักเรียน,present,
1565,46,2026-02-14,ประชุมสภานักเรียน,present,
1566,47,2026-02-14,ประชุมสภานักเรียน,present,
1567,48,2026-02-14,ประชุมสภานักเรียน,present,
1568,49,2026-02-14,ประชุมสภานักเรียน,present,
1569,51,2026-02-14,ประชุมสภานักเรียน,absent,
1570,54,2026-02-14,ประชุมสภานักเรียน,present,
1571,55,2026-02-14,ประชุมสภานักเรียน,present,
1572,56,2026-02-14,ประชุมสภานักเรียน,absent,
1573,57,2026-02-14,ประชุมสภานักเรียน,present,
1574,58,2026-02-14,ประชุมสภานักเรียน,absent,
1575,59,2026-02-14,ประชุมสภานักเรียน,absent,
1576,61,2026-02-14,ประชุมสภานักเรียน,absent,
1577,63,2026-02-14,ประชุมสภานักเรียน,present,
1578,65,2026-02-14,ประชุมสภานักเรียน,present,
1579,86,2026-02-14,ประชุมสภานักเรียน,present,
1580,111,2026-02-14,ประชุมสภานักเรียน,absent,
1581,112,2026-02-14,ประชุมสภานักเรียน,absent,
1582,113,2026-02-14,ประชุมสภานักเรียน,absent,
1583,114,2026-02-14,ประชุมสภานักเรียน,present,
1584,116,2026-02-14,ประชุมสภานักเรียน,absent,
1585,118,2026-02-14,ประชุมสภานักเรียน,absent,
1586,119,2026-02-14,ประชุมสภานักเรียน,present,
1587,124,2026-02-14,ประชุมสภานักเรียน,absent,
1588,125,2026-02-14,ประชุมสภานักเรียน,absent,
1589,23,2026-02-14,ประชุมสภานักเรียน,absent,
1590,24,2026-02-14,ประชุมสภานักเรียน,absent,
1591,29,2026-02-14,ประชุมสภานักเรียน,absent,
1592,40,2026-02-14,ประชุมสภานักเรียน,absent,
1593,41,2026-02-14,ประชุมสภานักเรียน,absent,
1594,42,2026-02-14,ประชุมสภานักเรียน,absent,
1595,45,2026-02-14,ประชุมสภานักเรียน,absent,
1596,60,2026-02-14,ประชุมสภานักเรียน,absent,
1597,62,2026-02-14,ประชุมสภานักเรียน,absent,
1598,64,2026-02-14,ประชุมสภานักเรียน,absent,
1599,66,2026-02-14,ประชุมสภานักเรียน,present,
1600,67,2026-02-14,ประชุมสภานักเรียน,present,
1601,68,2026-02-14,ประชุมสภานักเรียน,present,
1602,71,2026-02-14,ประชุมสภานักเรียน,absent,
1603,73,2026-02-14,ประชุมสภานักเรียน,absent,
1604,74,2026-02-14,ประชุมสภานักเรียน,absent,
1605,76,2026-02-14,ประชุมสภานักเรียน,absent,
1606,77,2026-02-14,ประชุมสภานักเรียน,present,
1607,78,2026-02-14,ประชุมสภานักเรียน,present,
1608,79,2026-02-14,ประชุมสภานักเรียน,present,
1609,80,2026-02-14,ประชุมสภานักเรียน,absent,
1610,82,2026-02-14,ประชุมสภานักเรียน,absent,
1611,84,2026-02-14,ประชุมสภานักเรียน,absent,
1612,87,2026-02-14,ประชุมสภานักเรียน,present,
1613,89,2026-02-14,ประชุมสภานักเรียน,absent,
1614,90,2026-02-14,ประชุมสภานักเรียน,absent,
1615,92,2026-02-14,ประชุมสภานักเรียน,absent,
1616,93,2026-02-14,ประชุมสภานักเรียน,present,
1617,97,2026-02-14,ประชุมสภานักเรียน,absent,
1618,98,2026-02-14,ประชุมสภานักเรียน,absent,
1619,99,2026-02-14,ประชุมสภานักเรียน,absent,
1620,100,2026-02-14,ประชุมสภานักเรียน,absent,
1621,101,2026-02-14,ประชุมสภานักเรียน,absent,
1622,102,2026-02-14,ประชุมสภานักเรียน,absent,
1623,103,2026-02-14,ประชุมสภานักเรียน,present,
1624,104,2026-02-14,ประชุมสภานักเรียน,present,
1625,105,2026-02-14,ประชุมสภานักเรียน,absent,
1626,106,2026-02-14,ประชุมสภานักเรียน,absent,
1627,107,2026-02-14,ประชุมสภานักเรียน,absent,
1628,109,2026-02-14,ประชุมสภานักเรียน,absent,
1629,120,2026-02-14,ประชุมสภานักเรียน,absent,
1630,121,2026-02-14,ประชุมสภานักเรียน,absent,
1631,123,2026-02-14,ประชุมสภานักเรียน,absent,
1632,2,2026-02-15,ประชุมสภานักเรียน,present,
1633,3,2026-02-15,ประชุมสภานักเรียน,present,
1634,4,2026-02-15,ประชุมสภานักเรียน,present,
1635,5,2026-02-15,ประชุมสภานักเรียน,present,
1636,6,2026-02-15,ประชุมสภานักเรียน,present,
1637,8,2026-02-15,ประชุมสภานักเรียน,present,
1638,9,2026-02-15,ประชุมสภานักเรียน,present,
1639,10,2026-02-15,ประชุมสภานักเรียน,present,
1640,11,2026-02-15,ประชุมสภานักเรียน,present,
1641,12,2026-02-15,ประชุมสภานักเรียน,present,
1642,13,2026-02-15,ประชุมสภานักเรียน,present,
1643,14,2026-02-15,ประชุมสภานักเรียน,present,
1644,15,2026-02-15,ประชุมสภานักเรียน,present,
1645,16,2026-02-15,ประชุมสภานักเรียน,present,
1646,17,2026-02-15,ประชุมสภานักเรียน,present,
1647,18,2026-02-15,ประชุมสภานักเรียน,present,
1648,19,2026-02-15,ประชุมสภานักเรียน,present,
1649,21,2026-02-15,ประชุมสภานักเรียน,present,
1650,22,2026-02-15,ประชุมสภานักเรียน,present,
1651,25,2026-02-15,ประชุมสภานักเรียน,present,
1652,26,2026-02-15,ประชุมสภานักเรียน,present,
1653,27,2026-02-15,ประชุมสภานักเรียน,present,
1654,28,2026-02-15,ประชุมสภานักเรียน,present,
1655,30,2026-02-15,ประชุมสภานักเรียน,present,
1656,31,2026-02-15,ประชุมสภานักเรียน,present,
1657,33,2026-02-15,ประชุมสภานักเรียน,present,
1658,34,2026-02-15,ประชุมสภานักเรียน,present,
1659,35,2026-02-15,ประชุมสภานักเรียน,present,
1660,36,2026-02-15,ประชุมสภานักเรียน,present,
1661,37,2026-02-15,ประชุมสภานักเรียน,present,
1662,38,2026-02-15,ประชุมสภานักเรียน,present,
1663,39,2026-02-15,ประชุมสภานักเรียน,present,
1664,43,2026-02-15,ประชุมสภานักเรียน,present,
1665,44,2026-02-15,ประชุมสภานักเรียน,present,
1666,46,2026-02-15,ประชุมสภานักเรียน,present,
1667,47,2026-02-15,ประชุมสภานักเรียน,present,
1668,48,2026-02-15,ประชุมสภานักเรียน,present,
1669,49,2026-02-15,ประชุมสภานักเรียน,present,
1670,51,2026-02-15,ประชุมสภานักเรียน,present,
1671,54,2026-02-15,ประชุมสภานักเรียน,present,
1672,55,2026-02-15,ประชุมสภานักเรียน,present,
1673,56,2026-02-15,ประชุมสภานักเรียน,present,
1674,57,2026-02-15,ประชุมสภานักเรียน,present,
1675,58,2026-02-15,ประชุมสภานักเรียน,present,
1676,59,2026-02-15,ประชุมสภานักเรียน,present,
1677,61,2026-02-15,ประชุมสภานักเรียน,present,
1678,63,2026-02-15,ประชุมสภานักเรียน,present,
1679,65,2026-02-15,ประชุมสภานักเรียน,present,
1680,86,2026-02-15,ประชุมสภานักเรียน,present,
1681,111,2026-02-15,ประชุมสภานักเรียน,present,
1682,112,2026-02-15,ประชุมสภานักเรียน,present,
1683,113,2026-02-15,ประชุมสภานักเรียน,present,
1684,114,2026-02-15,ประชุมสภานักเรียน,present,
1685,116,2026-02-15,ประชุมสภานักเรียน,present,
1686,118,2026-02-15,ประชุมสภานักเรียน,present,
1687,119,2026-02-15,ประชุมสภานักเรียน,present,
1688,124,2026-02-15,ประชุมสภานักเรียน,present,
1689,125,2026-02-15,ประชุมสภานักเรียน,present,
1690,2,2026-02-16,ประชุมสภานักเรียน,present,
1691,3,2026-02-16,ประชุมสภานักเรียน,present,
1692,4,2026-02-16,ประชุมสภานักเรียน,present,
1693,5,2026-02-16,ประชุมสภานักเรียน,present,
1694,6,2026-02-16,ประชุมสภานักเรียน,present,
1695,8,2026-02-16,ประชุมสภานักเรียน,present,
1696,9,2026-02-16,ประชุมสภานักเรียน,present,
1697,10,2026-02-16,ประชุมสภานักเรียน,present,
1698,11,2026-02-16,ประชุมสภานักเรียน,present,
1699,12,2026-02-16,ประชุมสภานักเรียน,present,
1700,13,2026-02-16,ประชุมสภานักเรียน,present,
1701,14,2026-02-16,ประชุมสภานักเรียน,present,
1702,15,2026-02-16,ประชุมสภานักเรียน,present,
1703,16,2026-02-16,ประชุมสภานักเรียน,present,
1704,17,2026-02-16,ประชุมสภานักเรียน,present,
1705,18,2026-02-16,ประชุมสภานักเรียน,present,
1706,19,2026-02-16,ประชุมสภานักเรียน,present,
1707,21,2026-02-16,ประชุมสภานักเรียน,present,
1708,22,2026-02-16,ประชุมสภานักเรียน,present,
1709,25,2026-02-16,ประชุมสภานักเรียน,present,
1710,26,2026-02-16,ประชุมสภานักเรียน,present,
1711,27,2026-02-16,ประชุมสภานักเรียน,present,
1712,28,2026-02-16,ประชุมสภานักเรียน,present,
1713,30,2026-02-16,ประชุมสภานักเรียน,present,
1714,31,2026-02-16,ประชุมสภานักเรียน,present,
1715,33,2026-02-16,ประชุมสภานักเรียน,present,
1716,34,2026-02-16,ประชุมสภานักเรียน,present,
1717,35,2026-02-16,ประชุมสภานักเรียน,present,
1718,36,2026-02-16,ประชุมสภานักเรียน,present,
1719,37,2026-02-16,ประชุมสภานักเรียน,present,
1720,38,2026-02-16,ประชุมสภานักเรียน,present,
1721,39,2026-02-16,ประชุมสภานักเรียน,present,
1722,43,2026-02-16,ประชุมสภานักเรียน,absent,
1723,44,2026-02-16,ประชุมสภานักเรียน,present,
1724,46,2026-02-16,ประชุมสภานักเรียน,present,
1725,47,2026-02-16,ประชุมสภานักเรียน,present,
1726,48,2026-02-16,ประชุมสภานักเรียน,present,
1727,49,2026-02-16,ประชุมสภานักเรียน,present,
1728,51,2026-02-16,ประชุมสภานักเรียน,present,
1729,54,2026-02-16,ประชุมสภานักเรียน,present,
1730,55,2026-02-16,ประชุมสภานักเรียน,present,
1731,56,2026-02-16,ประชุมสภานักเรียน,present,
1732,57,2026-02-16,ประชุมสภานักเรียน,present,
1733,58,2026-02-16,ประชุมสภานักเรียน,present,
1734,59,2026-02-16,ประชุมสภานักเรียน,present,
1735,61,2026-02-16,ประชุมสภานักเรียน,present,
1736,63,2026-02-16,ประชุมสภานักเรียน,present,
1737,65,2026-02-16,ประชุมสภานักเรียน,present,
1738,86,2026-02-16,ประชุมสภานักเรียน,present,
1739,111,2026-02-16,ประชุมสภานักเรียน,present,
1740,112,2026-02-16,ประชุมสภานักเรียน,present,
1741,113,2026-02-16,ประชุมสภานักเรียน,present,
1742,114,2026-02-16,ประชุมสภานักเรียน,present,
1743,116,2026-02-16,ประชุมสภานักเรียน,present,
1744,118,2026-02-16,ประชุมสภานักเรียน,present,
1745,119,2026-02-16,ประชุมสภานักเรียน,present,
1746,124,2026-02-16,ประชุมสภานักเรียน,present,
1747,125,2026-02-16,ประชุมสภานักเรียน,present,
1748,2,2026-02-19,ประชุมสภานักเรียน,present,
1749,3,2026-02-19,ประชุมสภานักเรียน,present,
1750,4,2026-02-19,ประชุมสภานักเรียน,present,
1751,5,2026-02-19,ประชุมสภานักเรียน,present,
1752,6,2026-02-19,ประชุมสภานักเรียน,present,
1753,8,2026-02-19,ประชุมสภานักเรียน,present,
1754,9,2026-02-19,ประชุมสภานักเรียน,present,
1755,10,2026-02-19,ประชุมสภานักเรียน,present,
1756,11,2026-02-19,ประชุมสภานักเรียน,present,
1757,12,2026-02-19,ประชุมสภานักเรียน,present,
1758,13,2026-02-19,ประชุมสภานักเรียน,present,
1759,14,2026-02-19,ประชุมสภานักเรียน,present,
1760,15,2026-02-19,ประชุมสภานักเรียน,present,
1761,16,2026-02-19,ประชุมสภานักเรียน,present,
1762,17,2026-02-19,ประชุมสภานักเรียน,present,
1763,18,2026-02-19,ประชุมสภานักเรียน,present,
1764,19,2026-02-19,ประชุมสภานักเรียน,present,
1765,21,2026-02-19,ประชุมสภานักเรียน,present,
1766,22,2026-02-19,ประชุมสภานักเรียน,present,
1767,25,2026-02-19,ประชุมสภานักเรียน,present,
1768,26,2026-02-19,ประชุมสภานักเรียน,present,
1769,27,2026-02-19,ประชุมสภานักเรียน,present,
1770,28,2026-02-19,ประชุมสภานักเรียน,present,
1771,30,2026-02-19,ประชุมสภานักเรียน,present,
1772,31,2026-02-19,ประชุมสภานักเรียน,present,
1773,33,2026-02-19,ประชุมสภานักเรียน,present,
1774,34,2026-02-19,ประชุมสภานักเรียน,present,
1775,35,2026-02-19,ประชุมสภานักเรียน,present,
1776,36,2026-02-19,ประชุมสภานักเรียน,present,
1777,37,2026-02-19,ประชุมสภานักเรียน,present,
1778,38,2026-02-19,ประชุมสภานักเรียน,present,
1779,39,2026-02-19,ประชุมสภานักเรียน,present,
1780,43,2026-02-19,ประชุมสภานักเรียน,absent,
1781,44,2026-02-19,ประชุมสภานักเรียน,present,
1782,46,2026-02-19,ประชุมสภานักเรียน,present,
1783,47,2026-02-19,ประชุมสภานักเรียน,present,
1784,48,2026-02-19,ประชุมสภานักเรียน,present,
1785,49,2026-02-19,ประชุมสภานักเรียน,present,
1786,51,2026-02-19,ประชุมสภานักเรียน,present,
1787,54,2026-02-19,ประชุมสภานักเรียน,present,
1788,55,2026-02-19,ประชุมสภานักเรียน,present,
1789,56,2026-02-19,ประชุมสภานักเรียน,present,
1790,57,2026-02-19,ประชุมสภานักเรียน,present,
1791,58,2026-02-19,ประชุมสภานักเรียน,present,
1792,59,2026-02-19,ประชุมสภานักเรียน,present,
1793,61,2026-02-19,ประชุมสภานักเรียน,present,
1794,63,2026-02-19,ประชุมสภานักเรียน,present,
1795,65,2026-02-19,ประชุมสภานักเรียน,present,
1796,86,2026-02-19,ประชุมสภานักเรียน,present,
1797,111,2026-02-19,ประชุมสภานักเรียน,present,
1798,112,2026-02-19,ประชุมสภานักเรียน,present,
1799,113,2026-02-19,ประชุมสภานักเรียน,present,
1800,114,2026-02-19,ประชุมสภานักเรียน,present,
1801,116,2026-02-19,ประชุมสภานักเรียน,present,
1802,118,2026-02-19,ประชุมสภานักเรียน,present,
1803,119,2026-02-19,ประชุมสภานักเรียน,present,
1804,124,2026-02-19,ประชุมสภานักเรียน,present,
1805,125,2026-02-19,ประชุมสภานักเรียน,absent,
1806,2,2026-02-18,ประชุมสภานักเรียน,present,
1807,3,2026-02-18,ประชุมสภานักเรียน,present,
1808,4,2026-02-18,ประชุมสภานักเรียน,present,
1809,5,2026-02-18,ประชุมสภานักเรียน,present,
1810,6,2026-02-18,ประชุมสภานักเรียน,present,
1811,8,2026-02-18,ประชุมสภานักเรียน,present,
1812,9,2026-02-18,ประชุมสภานักเรียน,present,
1813,10,2026-02-18,ประชุมสภานักเรียน,present,
1814,11,2026-02-18,ประชุมสภานักเรียน,present,
1815,12,2026-02-18,ประชุมสภานักเรียน,present,
1816,13,2026-02-18,ประชุมสภานักเรียน,present,
1817,14,2026-02-18,ประชุมสภานักเรียน,present,
1818,15,2026-02-18,ประชุมสภานักเรียน,present,
1819,16,2026-02-18,ประชุมสภานักเรียน,present,
1820,17,2026-02-18,ประชุมสภานักเรียน,present,
1821,18,2026-02-18,ประชุมสภานักเรียน,present,
1822,19,2026-02-18,ประชุมสภานักเรียน,present,
1823,21,2026-02-18,ประชุมสภานักเรียน,present,
1824,22,2026-02-18,ประชุมสภานักเรียน,present,
1825,25,2026-02-18,ประชุมสภานักเรียน,present,
1826,26,2026-02-18,ประชุมสภานักเรียน,present,
1827,27,2026-02-18,ประชุมสภานักเรียน,present,
1828,28,2026-02-18,ประชุมสภานักเรียน,present,
1829,30,2026-02-18,ประชุมสภานักเรียน,present,
1830,31,2026-02-18,ประชุมสภานักเรียน,present,
1831,33,2026-02-18,ประชุมสภานักเรียน,present,
1832,34,2026-02-18,ประชุมสภานักเรียน,present,
1833,35,2026-02-18,ประชุมสภานักเรียน,present,
1834,36,2026-02-18,ประชุมสภานักเรียน,present,
1835,37,2026-02-18,ประชุมสภานักเรียน,present,
1836,38,2026-02-18,ประชุมสภานักเรียน,present,
1837,39,2026-02-18,ประชุมสภานักเรียน,present,
1838,43,2026-02-18,ประชุมสภานักเรียน,absent,
1839,44,2026-02-18,ประชุมสภานักเรียน,present,
1840,46,2026-02-18,ประชุมสภานักเรียน,present,
1841,47,2026-02-18,ประชุมสภานักเรียน,present,
1842,48,2026-02-18,ประชุมสภานักเรียน,present,
1843,49,2026-02-18,ประชุมสภานักเรียน,present,
1844,51,2026-02-18,ประชุมสภานักเรียน,present,
1845,54,2026-02-18,ประชุมสภานักเรียน,present,
1846,55,2026-02-18,ประชุมสภานักเรียน,present,
1847,56,2026-02-18,ประชุมสภานักเรียน,present,
1848,57,2026-02-18,ประชุมสภานักเรียน,present,
1849,58,2026-02-18,ประชุมสภานักเรียน,present,
1850,59,2026-02-18,ประชุมสภานักเรียน,present,
1851,61,2026-02-18,ประชุมสภานักเรียน,present,
1852,63,2026-02-18,ประชุมสภานักเรียน,present,
1853,65,2026-02-18,ประชุมสภานักเรียน,present,
1854,86,2026-02-18,ประชุมสภานักเรียน,present,
1855,111,2026-02-18,ประชุมสภานักเรียน,present,
1856,112,2026-02-18,ประชุมสภานักเรียน,present,
1857,113,2026-02-18,ประชุมสภานักเรียน,present,
1858,114,2026-02-18,ประชุมสภานักเรียน,present,
1859,116,2026-02-18,ประชุมสภานักเรียน,present,
1860,118,2026-02-18,ประชุมสภานักเรียน,present,
1861,119,2026-02-18,ประชุมสภานักเรียน,present,
1862,124,2026-02-18,ประชุมสภานักเรียน,present,
1863,125,2026-02-18,ประชุมสภานักเรียน,present,
1864,2,2026-05-20,กิจกรรมพิเศษ,absent,
1865,3,2026-05-20,กิจกรรมพิเศษ,absent,
1866,4,2026-05-20,กิจกรรมพิเศษ,absent,
1867,5,2026-05-20,กิจกรรมพิเศษ,absent,
1868,6,2026-05-20,กิจกรรมพิเศษ,absent,
1869,8,2026-05-20,กิจกรรมพิเศษ,absent,
1870,9,2026-05-20,กิจกรรมพิเศษ,absent,
1871,10,2026-05-20,กิจกรรมพิเศษ,present,
1872,11,2026-05-20,กิจกรรมพิเศษ,absent,
1873,12,2026-05-20,กิจกรรมพิเศษ,present,
1874,13,2026-05-20,กิจกรรมพิเศษ,absent,
1875,14,2026-05-20,กิจกรรมพิเศษ,absent,
1876,15,2026-05-20,กิจกรรมพิเศษ,absent,
1877,16,2026-05-20,กิจกรรมพิเศษ,absent,
1878,17,2026-05-20,กิจกรรมพิเศษ,absent,
1879,18,2026-05-20,กิจกรรมพิเศษ,absent,
1880,19,2026-05-20,กิจกรรมพิเศษ,absent,
1881,21,2026-05-20,กิจกรรมพิเศษ,absent,
1882,22,2026-05-20,กิจกรรมพิเศษ,absent,
1883,25,2026-05-20,กิจกรรมพิเศษ,absent,
1884,26,2026-05-20,กิจกรรมพิเศษ,absent,
1885,27,2026-05-20,กิจกรรมพิเศษ,absent,
1886,28,2026-05-20,กิจกรรมพิเศษ,absent,
1887,30,2026-05-20,กิจกรรมพิเศษ,present,
1888,31,2026-05-20,กิจกรรมพิเศษ,absent,
1889,33,2026-05-20,กิจกรรมพิเศษ,absent,
1890,34,2026-05-20,กิจกรรมพิเศษ,absent,
1891,35,2026-05-20,กิจกรรมพิเศษ,present,
1892,36,2026-05-20,กิจกรรมพิเศษ,absent,
1893,37,2026-05-20,กิจกรรมพิเศษ,absent,
1894,38,2026-05-20,กิจกรรมพิเศษ,absent,
1895,39,2026-05-20,กิจกรรมพิเศษ,present,
1896,43,2026-05-20,กิจกรรมพิเศษ,absent,
1897,44,2026-05-20,กิจกรรมพิเศษ,present,
1898,46,2026-05-20,กิจกรรมพิเศษ,absent,
1899,47,2026-05-20,กิจกรรมพิเศษ,absent,
1900,48,2026-05-20,กิจกรรมพิเศษ,present,
1901,49,2026-05-20,กิจกรรมพิเศษ,absent,
1902,51,2026-05-20,กิจกรรมพิเศษ,absent,
1903,54,2026-05-20,กิจกรรมพิเศษ,absent,
1904,55,2026-05-20,กิจกรรมพิเศษ,absent,
1905,56,2026-05-20,กิจกรรมพิเศษ,absent,
1906,57,2026-05-20,กิจกรรมพิเศษ,absent,
1907,58,2026-05-20,กิจกรรมพิเศษ,absent,
1908,59,2026-05-20,กิจกรรมพิเศษ,present,
1909,61,2026-05-20,กิจกรรมพิเศษ,absent,
1910,63,2026-05-20,กิจกรรมพิเศษ,present,
1911,65,2026-05-20,กิจกรรมพิเศษ,absent,
1912,86,2026-05-20,กิจกรรมพิเศษ,absent,
1913,111,2026-05-20,กิจกรรมพิเศษ,present,
1914,112,2026-05-20,กิจกรรมพิเศษ,absent,
1915,113,2026-05-20,กิจกรรมพิเศษ,present,
1916,114,2026-05-20,กิจกรรมพิเศษ,absent,
1917,116,2026-05-20,กิจกรรมพิเศษ,absent,
1918,118,2026-05-20,กิจกรรมพิเศษ,absent,
1919,119,2026-05-20,กิจกรรมพิเศษ,absent,
1920,124,2026-05-20,กิจกรรมพิเศษ,absent,
1921,125,2026-05-20,กิจกรรมพิเศษ,absent,
1922,2,2026-05-04,ค่ายปรับพื้นฐานม.4,absent,
1923,3,2026-05-04,ค่ายปรับพื้นฐานม.4,absent,
1924,4,2026-05-04,ค่ายปรับพื้นฐานม.4,absent,
1925,5,2026-05-04,ค่ายปรับพื้นฐานม.4,absent,
1926,6,2026-05-04,ค่ายปรับพื้นฐานม.4,absent,
1927,8,2026-05-04,ค่ายปรับพื้นฐานม.4,absent,
1928,9,2026-05-04,ค่ายปรับพื้นฐานม.4,absent,
1929,10,2026-05-04,ค่ายปรับพื้นฐานม.4,absent,
1930,11,2026-05-04,ค่ายปรับพื้นฐานม.4,absent,
1931,12,2026-05-04,ค่ายปรับพื้นฐานม.4,absent,
1932,13,2026-05-04,ค่ายปรับพื้นฐานม.4,absent,
1933,14,2026-05-04,ค่ายปรับพื้นฐานม.4,absent,
1934,15,2026-05-04,ค่ายปรับพื้นฐานม.4,absent,
1935,16,2026-05-04,ค่ายปรับพื้นฐานม.4,absent,
1936,17,2026-05-04,ค่ายปรับพื้นฐานม.4,absent,
1937,18,2026-05-04,ค่ายปรับพื้นฐานม.4,absent,
1938,19,2026-05-04,ค่ายปรับพื้นฐานม.4,absent,
1939,21,2026-05-04,ค่ายปรับพื้นฐานม.4,absent,
1940,22,2026-05-04,ค่ายปรับพื้นฐานม.4,absent,
1941,25,2026-05-04,ค่ายปรับพื้นฐานม.4,absent,
1942,26,2026-05-04,ค่ายปรับพื้นฐานม.4,absent,
1943,27,2026-05-04,ค่ายปรับพื้นฐานม.4,absent,
1944,28,2026-05-04,ค่ายปรับพื้นฐานม.4,absent,
1945,30,2026-05-04,ค่ายปรับพื้นฐานม.4,absent,
1946,31,2026-05-04,ค่ายปรับพื้นฐานม.4,absent,
1947,33,2026-05-04,ค่ายปรับพื้นฐานม.4,absent,
1948,34,2026-05-04,ค่ายปรับพื้นฐานม.4,absent,
1949,35,2026-05-04,ค่ายปรับพื้นฐานม.4,absent,
1950,36,2026-05-04,ค่ายปรับพื้นฐานม.4,absent,
1951,37,2026-05-04,ค่ายปรับพื้นฐานม.4,absent,
1952,38,2026-05-04,ค่ายปรับพื้นฐานม.4,absent,
1953,39,2026-05-04,ค่ายปรับพื้นฐานม.4,absent,
1954,43,2026-05-04,ค่ายปรับพื้นฐานม.4,absent,
1955,44,2026-05-04,ค่ายปรับพื้นฐานม.4,absent,
1956,46,2026-05-04,ค่ายปรับพื้นฐานม.4,absent,
1957,47,2026-05-04,ค่ายปรับพื้นฐานม.4,absent,
1958,48,2026-05-04,ค่ายปรับพื้นฐานม.4,absent,
1959,49,2026-05-04,ค่ายปรับพื้นฐานม.4,absent,
1960,51,2026-05-04,ค่ายปรับพื้นฐานม.4,absent,
1961,54,2026-05-04,ค่ายปรับพื้นฐานม.4,absent,
1962,55,2026-05-04,ค่ายปรับพื้นฐานม.4,absent,
1963,56,2026-05-04,ค่ายปรับพื้นฐานม.4,absent,
1964,57,2026-05-04,ค่ายปรับพื้นฐานม.4,absent,
1965,58,2026-05-04,ค่ายปรับพื้นฐานม.4,absent,
1966,59,2026-05-04,ค่ายปรับพื้นฐานม.4,absent,
1967,61,2026-05-04,ค่ายปรับพื้นฐานม.4,absent,
1968,63,2026-05-04,ค่ายปรับพื้นฐานม.4,absent,
1969,65,2026-05-04,ค่ายปรับพื้นฐานม.4,absent,
1970,86,2026-05-04,ค่ายปรับพื้นฐานม.4,absent,
1971,111,2026-05-04,ค่ายปรับพื้นฐานม.4,absent,
1972,112,2026-05-04,ค่ายปรับพื้นฐานม.4,absent,
1973,113,2026-05-04,ค่ายปรับพื้นฐานม.4,absent,
1974,114,2026-05-04,ค่ายปรับพื้นฐานม.4,absent,
1975,116,2026-05-04,ค่ายปรับพื้นฐานม.4,absent,
1976,118,2026-05-04,ค่ายปรับพื้นฐานม.4,absent,
1977,119,2026-05-04,ค่ายปรับพื้นฐานม.4,absent,
1978,124,2026-05-04,ค่ายปรับพื้นฐานม.4,absent,
1979,125,2026-05-04,ค่ายปรับพื้นฐานม.4,absent,
1980,23,2026-03-06,iktikaf perdana ikram sungai patani,present,
1981,24,2026-03-06,iktikaf perdana ikram sungai patani,present,
1982,29,2026-03-06,iktikaf perdana ikram sungai patani,absent,
1983,40,2026-03-06,iktikaf perdana ikram sungai patani,present,
1984,41,2026-03-06,iktikaf perdana ikram sungai patani,absent,
1985,42,2026-03-06,iktikaf perdana ikram sungai patani,present,
1986,45,2026-03-06,iktikaf perdana ikram sungai patani,absent,
1987,60,2026-03-06,iktikaf perdana ikram sungai patani,absent,
1988,62,2026-03-06,iktikaf perdana ikram sungai patani,present,
1989,64,2026-03-06,iktikaf perdana ikram sungai patani,absent,
1990,66,2026-03-06,iktikaf perdana ikram sungai patani,present,
1991,67,2026-03-06,iktikaf perdana ikram sungai patani,present,
1992,68,2026-03-06,iktikaf perdana ikram sungai patani,present,
1993,71,2026-03-06,iktikaf perdana ikram sungai patani,absent,
1994,73,2026-03-06,iktikaf perdana ikram sungai patani,absent,
1995,74,2026-03-06,iktikaf perdana ikram sungai patani,absent,
1996,76,2026-03-06,iktikaf perdana ikram sungai patani,present,
1997,77,2026-03-06,iktikaf perdana ikram sungai patani,present,
1998,78,2026-03-06,iktikaf perdana ikram sungai patani,present,
1999,79,2026-03-06,iktikaf perdana ikram sungai patani,present,
2000,80,2026-03-06,iktikaf perdana ikram sungai patani,present,
2001,82,2026-03-06,iktikaf perdana ikram sungai patani,present,
2002,84,2026-03-06,iktikaf perdana ikram sungai patani,absent,
2003,87,2026-03-06,iktikaf perdana ikram sungai patani,present,
2004,89,2026-03-06,iktikaf perdana ikram sungai patani,present,
2005,90,2026-03-06,iktikaf perdana ikram sungai patani,absent,
2006,93,2026-03-06,iktikaf perdana ikram sungai patani,present,
2007,97,2026-03-06,iktikaf perdana ikram sungai patani,present,
2008,100,2026-03-06,iktikaf perdana ikram sungai patani,absent,
2009,101,2026-03-06,iktikaf perdana ikram sungai patani,absent,
2010,102,2026-03-06,iktikaf perdana ikram sungai patani,absent,
2011,103,2026-03-06,iktikaf perdana ikram sungai patani,present,
2012,104,2026-03-06,iktikaf perdana ikram sungai patani,present,
2013,105,2026-03-06,iktikaf perdana ikram sungai patani,absent,
2014,106,2026-03-06,iktikaf perdana ikram sungai patani,absent,
2015,107,2026-03-06,iktikaf perdana ikram sungai patani,present,
2016,109,2026-03-06,iktikaf perdana ikram sungai patani,absent,
2017,120,2026-03-06,iktikaf perdana ikram sungai patani,present,
2018,121,2026-03-06,iktikaf perdana ikram sungai patani,present,
2019,123,2026-03-06,iktikaf perdana ikram sungai patani,present,
2020,23,2026-05-04,ค่ายปรับพื้นฐานม.4,present,
2021,24,2026-05-04,ค่ายปรับพื้นฐานม.4,present,
2022,29,2026-05-04,ค่ายปรับพื้นฐานม.4,present,
2023,40,2026-05-04,ค่ายปรับพื้นฐานม.4,absent,
2024,41,2026-05-04,ค่ายปรับพื้นฐานม.4,present,
2025,42,2026-05-04,ค่ายปรับพื้นฐานม.4,absent,
2026,45,2026-05-04,ค่ายปรับพื้นฐานม.4,absent,
2027,60,2026-05-04,ค่ายปรับพื้นฐานม.4,absent,
2028,62,2026-05-04,ค่ายปรับพื้นฐานม.4,absent,
2029,64,2026-05-04,ค่ายปรับพื้นฐานม.4,present,
2030,66,2026-05-04,ค่ายปรับพื้นฐานม.4,present,
2031,67,2026-05-04,ค่ายปรับพื้นฐานม.4,present,
2032,68,2026-05-04,ค่ายปรับพื้นฐานม.4,present,
2033,71,2026-05-04,ค่ายปรับพื้นฐานม.4,present,
2034,73,2026-05-04,ค่ายปรับพื้นฐานม.4,absent,
2035,74,2026-05-04,ค่ายปรับพื้นฐานม.4,absent,
2036,76,2026-05-04,ค่ายปรับพื้นฐานม.4,present,
2037,77,2026-05-04,ค่ายปรับพื้นฐานม.4,present,
2038,78,2026-05-04,ค่ายปรับพื้นฐานม.4,present,
2039,79,2026-05-04,ค่ายปรับพื้นฐานม.4,absent,
2040,80,2026-05-04,ค่ายปรับพื้นฐานม.4,present,
2041,82,2026-05-04,ค่ายปรับพื้นฐานม.4,present,
2042,84,2026-05-04,ค่ายปรับพื้นฐานม.4,absent,
2043,87,2026-05-04,ค่ายปรับพื้นฐานม.4,present,
2044,89,2026-05-04,ค่ายปรับพื้นฐานม.4,absent,
2045,90,2026-05-04,ค่ายปรับพื้นฐานม.4,absent,
2046,93,2026-05-04,ค่ายปรับพื้นฐานม.4,present,
2047,97,2026-05-04,ค่ายปรับพื้นฐานม.4,present,
2048,100,2026-05-04,ค่ายปรับพื้นฐานม.4,present,
2049,101,2026-05-04,ค่ายปรับพื้นฐานม.4,present,
2050,102,2026-05-04,ค่ายปรับพื้นฐานม.4,absent,
2051,103,2026-05-04,ค่ายปรับพื้นฐานม.4,absent,
2052,104,2026-05-04,ค่ายปรับพื้นฐานม.4,present,
2053,105,2026-05-04,ค่ายปรับพื้นฐานม.4,absent,
2054,106,2026-05-04,ค่ายปรับพื้นฐานม.4,present,
2055,107,2026-05-04,ค่ายปรับพื้นฐานม.4,absent,
2056,109,2026-05-04,ค่ายปรับพื้นฐานม.4,absent,
2057,120,2026-05-04,ค่ายปรับพื้นฐานม.4,present,
2058,121,2026-05-04,ค่ายปรับพื้นฐานม.4,absent,
2059,123,2026-05-04,ค่ายปรับพื้นฐานม.4,present,
2060,2,2026-05-20,จิตอาสาแปะป้ายห้องเรียน,absent,
2061,3,2026-05-20,จิตอาสาแปะป้ายห้องเรียน,absent,
2062,4,2026-05-20,จิตอาสาแปะป้ายห้องเรียน,absent,
2063,5,2026-05-20,จิตอาสาแปะป้ายห้องเรียน,absent,
2064,6,2026-05-20,จิตอาสาแปะป้ายห้องเรียน,absent,
2065,8,2026-05-20,จิตอาสาแปะป้ายห้องเรียน,absent,
2066,9,2026-05-20,จิตอาสาแปะป้ายห้องเรียน,absent,
2067,10,2026-05-20,จิตอาสาแปะป้ายห้องเรียน,present,
2068,11,2026-05-20,จิตอาสาแปะป้ายห้องเรียน,absent,
2069,12,2026-05-20,จิตอาสาแปะป้ายห้องเรียน,present,
2070,13,2026-05-20,จิตอาสาแปะป้ายห้องเรียน,absent,
2071,14,2026-05-20,จิตอาสาแปะป้ายห้องเรียน,absent,
2072,15,2026-05-20,จิตอาสาแปะป้ายห้องเรียน,absent,
2073,16,2026-05-20,จิตอาสาแปะป้ายห้องเรียน,absent,
2074,17,2026-05-20,จิตอาสาแปะป้ายห้องเรียน,absent,
2075,18,2026-05-20,จิตอาสาแปะป้ายห้องเรียน,absent,
2076,19,2026-05-20,จิตอาสาแปะป้ายห้องเรียน,absent,
2077,21,2026-05-20,จิตอาสาแปะป้ายห้องเรียน,absent,
2078,22,2026-05-20,จิตอาสาแปะป้ายห้องเรียน,absent,
2079,25,2026-05-20,จิตอาสาแปะป้ายห้องเรียน,absent,
2080,26,2026-05-20,จิตอาสาแปะป้ายห้องเรียน,absent,
2081,27,2026-05-20,จิตอาสาแปะป้ายห้องเรียน,absent,
2082,28,2026-05-20,จิตอาสาแปะป้ายห้องเรียน,absent,
2083,30,2026-05-20,จิตอาสาแปะป้ายห้องเรียน,present,
2084,31,2026-05-20,จิตอาสาแปะป้ายห้องเรียน,absent,
2085,33,2026-05-20,จิตอาสาแปะป้ายห้องเรียน,absent,
2086,34,2026-05-20,จิตอาสาแปะป้ายห้องเรียน,absent,
2087,35,2026-05-20,จิตอาสาแปะป้ายห้องเรียน,present,
2088,36,2026-05-20,จิตอาสาแปะป้ายห้องเรียน,absent,
2089,37,2026-05-20,จิตอาสาแปะป้ายห้องเรียน,absent,
2090,38,2026-05-20,จิตอาสาแปะป้ายห้องเรียน,absent,
2091,39,2026-05-20,จิตอาสาแปะป้ายห้องเรียน,present,
2092,43,2026-05-20,จิตอาสาแปะป้ายห้องเรียน,absent,
2093,44,2026-05-20,จิตอาสาแปะป้ายห้องเรียน,present,
2094,46,2026-05-20,จิตอาสาแปะป้ายห้องเรียน,absent,
2095,47,2026-05-20,จิตอาสาแปะป้ายห้องเรียน,absent,
2096,48,2026-05-20,จิตอาสาแปะป้ายห้องเรียน,present,
2097,49,2026-05-20,จิตอาสาแปะป้ายห้องเรียน,absent,
2098,51,2026-05-20,จิตอาสาแปะป้ายห้องเรียน,absent,
2099,54,2026-05-20,จิตอาสาแปะป้ายห้องเรียน,absent,
2100,55,2026-05-20,จิตอาสาแปะป้ายห้องเรียน,absent,
2101,56,2026-05-20,จิตอาสาแปะป้ายห้องเรียน,absent,
2102,57,2026-05-20,จิตอาสาแปะป้ายห้องเรียน,absent,
2103,58,2026-05-20,จิตอาสาแปะป้ายห้องเรียน,absent,
2104,59,2026-05-20,จิตอาสาแปะป้ายห้องเรียน,present,
2105,61,2026-05-20,จิตอาสาแปะป้ายห้องเรียน,absent,
2106,63,2026-05-20,จิตอาสาแปะป้ายห้องเรียน,present,
2107,65,2026-05-20,จิตอาสาแปะป้ายห้องเรียน,absent,
2108,86,2026-05-20,จิตอาสาแปะป้ายห้องเรียน,absent,
2109,111,2026-05-20,จิตอาสาแปะป้ายห้องเรียน,present,
2110,112,2026-05-20,จิตอาสาแปะป้ายห้องเรียน,absent,
2111,113,2026-05-20,จิตอาสาแปะป้ายห้องเรียน,present,
2112,114,2026-05-20,จิตอาสาแปะป้ายห้องเรียน,absent,
2113,116,2026-05-20,จิตอาสาแปะป้ายห้องเรียน,absent,
2114,118,2026-05-20,จิตอาสาแปะป้ายห้องเรียน,absent,
2115,119,2026-05-20,จิตอาสาแปะป้ายห้องเรียน,absent,
2116,124,2026-05-20,จิตอาสาแปะป้ายห้องเรียน,absent,
2117,125,2026-05-20,จิตอาสาแปะป้ายห้องเรียน,absent,